Dates,value_CCLACBW027SBOG,value_WTISPLC,value_EXPINF1YR,value_STLPPM,value_M2REAL,value_UNRATE,value_PPIACO,value_PCUOMFGOMFG,value_PCUATRANSATRANS,value_PCUATRADEATRADE,value_PCUAWHLTRAWHLTR,value_CSUSHPINSA,value_SPCS20RSA,value_WALCL,value_REAINTRATREARAT10Y,value_SAHMREALTIME,value_POPTHM,value_CES0500000003,value_NFCI,value_WEI,value_ICSA,value_ADPWNUSNERSA,value_FEDFUNDS,value_CORESTICKM159SFRBATL,value_CPIAUCSL,value_PAYEMS,value_NETFI,value_IEABC,value_DRCCLACBS,value_DRCLACBS,value_DRALACBS,value_DRSFRMACBS,value_DRBLACBS,value_DRCRELEXFACBS,value_DRSREACBS,value_USSTHPI,value_USACPIALLMINMEI,value_CPALTT01USA661S,value_CPILFESL,value_GDPC1,value_GDP,value_USAPFCEQDSMEI,value_NCPHIRSAXDCUSQ,value_NAEXKP04USQ661S,value_USAGFCFQDSMEI,value_U6RATE,value_CIVPART,value_JTSJOL,value_IR3TIB01USM156N,value_DTWEXBGS,value_DGS10,value_PCEPI,value_RSXFS,value_USASACRMISMEI,value_EXPGS,value_IMPGS,value_IR,value_IMPGSC1,value_CBSIBC,value_UMCSENT,value_USALOLITONOSTSAM,value_INDPRO,value_IPMAN,value_TCU,value_CARACBW027SBOG,value_CCLACBW027SBOG,value_TOTBKCR,value_TOTLL,value_GFDEBTN,value_GGNLBAUSA188N,value_WFCDA,value_FDHBFIN,value_M2V,value_M2SL,value_POPTOTUSA647NWDB,value_PCU484484,value_PCU325211325211,value_PPIFIS,value_W369RG3Q066SBEA,value_IC131,value_TRFVOLUSM227SFWA,value_RPMD11,value_AIRRPMTSID11,value_EMRATIO,value_CRESTKCPIXSLTRM159SFRBATL,value_T5YIFR,value_Y001RX1Q020SBEA,value_AISRSA,value_TOTALSA,value_B985RC1Q027SBEA,value_Y012RX1A020NBEA,value_AITINO,value_TSFDISA066MSFRBNY,value_PCU5112105112105,value_ISRATIO,value_CREACBM027NBOG,value_COMREPUSQ159N,USGGBE02 Index,USOSFR10 Curncy,CL1 Comdty,USOSFR2 Curncy,NDX Index ,SPX Index ,USDJPY Curncy,GSUSFCI Index,CESIUSD Index,Monthly Nominal GDP Index,Monthly Real GDP Index,"""AI"": (United States)",Food & Drink: (United States),GPS & Navigation: (United States),Performing Arts: (United States),Luggage topic: (United States),Vehicle Brands: (United States),Birthday: (United States),Travel: (United States),Energy & Utilities: (United States),Vehicle Shopping: (United States),Fitness: (United States),Weddings: (United States),Car Rental & Taxi Services: (United States),Autos & Vehicles: (United States),Waiter: (United States),Job Listings: (United States),Resumes & Portfolios: (United States),market crash: (United States),recession: (United States),unemployment benefits: (United States),inflation: (United States),value_MORTGAGE30US,Advance Estimate From BEA,Business Fixed Investment,Change in inventory investment ($Bil 2009),Change in net exports ($Bil 2009),Current change in private inventories ($Bil 2009),Data releases,Days until advance estimate,Equipment,Exports,Federal Govt,Final Sales,Final Sales to Domestic Purchasers,Final Sales to Private Domestic Purchasers,Final_GDP_Interp,Fixed Investment,Forecast Error,GDP Nowcast,GPDI,Goods exports,Goods imports,Government,Imports,Intellectual Property Products,"Net Exports (current, $Bil 2009)","Net Exports (previous, $Bil 2009)",PCE,PCE Goods,PCE Services,Previous change in private inventories ($Bil 2009),Publication Date of Advance Estimate,Quarter being forecasted,Residential,S&L,Services exports,Services imports,Structures
2024-01-19,1035.5153,74.15,2.41863256,0.94088773,6710.6,3.7,251.328,244.078,158.986,173.411,190.864,310.668,321.67847079488496,7673741.0,1.68087145,0.2,336194.0,34.52,-0.49517,1.68,189000.0,131346000.0,5.33,4.603922367,309.685,157533.0,-820.883,-194810.0,3.1,2.62,1.38,1.69,1.03,1.17,1.4,657.67,129.419408734395,128.556847539769,314.438,22668.986,27944.627,4669874000000.0,3792099.0,125.148262188466,1454418750000.0,7.2,62.5,8863.0,5.32,120.9947,4.15,121.87,603825.0,41.336255562197,3061.121,3839.827,139.5,3451.125,72.75986,79.0,99.7321643996226,102.2251,98.9937,78.2611,498.4138,1035.5153,17360.8417,12262.6398,34001494.0,-3.706,18129.0,8056.1,1.347,20781.8,333287557.0,184.172,317.185,142.632,108.485,173.9,272445.0,93709994.0,92735958.0,60.2,3.011554956,2.38,1411.811,1.406,15.483,656.282,48.136,25320.0,9.5,104.365,1.39,2968.2213,-0.603348326833616,2.2934,3.7558,73.41,4.2295,17314.0,4839.81,148.12,99.4,13.5,28107.31124,22723.126,87.0,0.0,0.0,32.0,0.0,0.0,57.0,52.0,0.0,0.0,69.0,4.0,0.0,0.0,19.0,8.0,0.0,6.0,11.0,7.0,47.0,6.6,3.3,3.1,-27.9,-6.7,49.9,Existing-home sales,6.0,1.4,1.6,4.5,2.9,2.9,2.7,3.3,2.3,0.9,2.4,-0.7,-0.4,1.1,3.9,1.9,5.4,-937.3,-930.7,2.8,3.6,2.4,77.8,25/01/2024,31/12/2023,-0.6,3.6,5.6,5.7,2.0
2024-01-20,1035.5153,74.15,2.41863256,0.94088773,6710.6,3.7,251.328,244.078,158.986,173.411,190.864,310.668,321.67847079488496,7673741.0,1.68087145,0.2,336194.0,34.52,-0.49517,1.37,215000.0,131346000.0,5.33,4.603922367,309.685,157533.0,-820.883,-194810.0,3.1,2.62,1.38,1.69,1.03,1.17,1.4,657.67,129.419408734395,128.556847539769,314.438,22668.986,27944.627,4669874000000.0,3792099.0,125.148262188466,1454418750000.0,7.2,62.5,8863.0,5.32,120.9947,4.15,121.87,603825.0,41.336255562197,3061.121,3839.827,139.5,3451.125,72.75986,79.0,99.7321643996226,102.2251,98.9937,78.2611,498.4138,1035.5153,17360.8417,12262.6398,34001494.0,-3.706,18129.0,8056.1,1.347,20781.8,333287557.0,184.172,317.185,142.632,108.485,173.9,272445.0,93709994.0,92735958.0,60.2,3.011554956,2.38,1411.811,1.406,15.483,656.282,48.136,25320.0,9.5,104.365,1.39,2968.2213,-0.603348326833616,2.2934,3.7558,73.41,4.2295,17314.0,4839.81,148.12,99.4,13.5,28107.31124,22723.126,87.0,0.0,0.0,32.0,0.0,0.0,57.0,52.0,0.0,0.0,69.0,4.0,0.0,0.0,19.0,8.0,0.0,6.0,11.0,7.0,47.0,6.6,,1.5,-16.0,16.0,61.0,,,0.1,2.1,2.9,3.4,3.0,3.1,0.0,1.3,,3.0,-0.3,2.7,0.3,2.4,-0.3,5.3,-893.0,-908.0,3.6,4.7,3.1,76.0,,Mar-24,0.6,2.2,0.8,-2.9,-2.6
2024-01-21,1035.5153,74.15,2.41863256,0.94088773,6710.6,3.7,251.328,244.078,158.986,173.411,190.864,310.668,321.67847079488496,7673741.0,1.68087145,0.2,336194.0,34.52,-0.49517,1.37,215000.0,131346000.0,5.33,4.603922367,309.685,157533.0,-820.883,-194810.0,3.1,2.62,1.38,1.69,1.03,1.17,1.4,657.67,129.419408734395,128.556847539769,314.438,22668.986,27944.627,4669874000000.0,3792099.0,125.148262188466,1454418750000.0,7.2,62.5,8863.0,5.32,120.9947,4.15,121.87,603825.0,41.336255562197,3061.121,3839.827,139.5,3451.125,72.75986,79.0,99.7321643996226,102.2251,98.9937,78.2611,498.4138,1035.5153,17360.8417,12262.6398,34001494.0,-3.706,18129.0,8056.1,1.347,20781.8,333287557.0,184.172,317.185,142.632,108.485,173.9,272445.0,93709994.0,92735958.0,60.2,3.011554956,2.38,1411.811,1.406,15.483,656.282,48.136,25320.0,9.5,104.365,1.39,2968.2213,-0.603348326833616,2.2934,3.7558,73.41,4.2295,17314.0,4839.81,148.12,99.4,13.5,28107.31124,22723.126,87.0,0.0,0.0,32.0,0.0,0.0,57.0,52.0,0.0,0.0,69.0,4.0,0.0,0.0,19.0,8.0,0.0,6.0,11.0,7.0,47.0,6.6,,1.5,-16.0,16.0,61.0,,,0.1,2.1,2.9,3.4,3.0,3.1,0.0,1.3,,3.0,-0.3,2.7,0.3,2.4,-0.3,5.3,-893.0,-908.0,3.6,4.7,3.1,76.0,,Mar-24,0.6,2.2,0.8,-2.9,-2.6
2024-01-22,1035.5153,74.15,2.41863256,0.94088773,6710.6,3.7,251.328,244.078,158.986,173.411,190.864,310.668,321.67847079488496,7673741.0,1.68087145,0.2,336194.0,34.52,-0.49517,1.37,215000.0,131346000.0,5.33,4.603922367,309.685,157533.0,-820.883,-194810.0,3.1,2.62,1.38,1.69,1.03,1.17,1.4,657.67,129.419408734395,128.556847539769,314.438,22668.986,27944.627,4669874000000.0,3792099.0,125.148262188466,1454418750000.0,7.2,62.5,8863.0,5.32,120.9687,4.11,121.87,603825.0,41.336255562197,3061.121,3839.827,139.5,3451.125,72.75986,79.0,99.7321643996226,102.2251,98.9937,78.2611,498.4138,1035.5153,17360.8417,12262.6398,34001494.0,-3.706,18129.0,8056.1,1.347,20781.8,333287557.0,184.172,317.185,142.632,108.485,173.9,272445.0,93709994.0,92735958.0,60.2,3.011554956,2.35,1411.811,1.406,15.483,656.282,48.136,25320.0,9.5,104.365,1.39,2968.2213,-0.603348326833616,2.3154,3.7413,75.19,4.226,17330.38,4850.43,148.1,99.39,11.1,28107.31124,22723.126,87.0,0.0,0.0,32.0,0.0,0.0,57.0,52.0,0.0,0.0,69.0,4.0,0.0,0.0,19.0,8.0,0.0,6.0,11.0,7.0,47.0,6.6,,1.5,-16.0,16.0,61.0,,,0.1,2.1,2.9,3.4,3.0,3.1,0.0,1.3,,3.0,-0.3,2.7,0.3,2.4,-0.3,5.3,-893.0,-908.0,3.6,4.7,3.1,76.0,,Mar-24,0.6,2.2,0.8,-2.9,-2.6
2024-01-23,1035.5153,74.15,2.41863256,0.94088773,6710.6,3.7,251.328,244.078,158.986,173.411,190.864,310.668,321.67847079488496,7673741.0,1.68087145,0.2,336194.0,34.52,-0.49517,1.37,215000.0,131346000.0,5.33,4.603922367,309.685,157533.0,-820.883,-194810.0,3.1,2.62,1.38,1.69,1.03,1.17,1.4,657.67,129.419408734395,128.556847539769,314.438,22668.986,27944.627,4669874000000.0,3792099.0,125.148262188466,1454418750000.0,7.2,62.5,8863.0,5.32,121.4244,4.14,121.87,603825.0,41.336255562197,3061.121,3839.827,139.5,3451.125,72.75986,79.0,99.7321643996226,102.2251,98.9937,78.2611,498.4138,1035.5153,17360.8417,12262.6398,34001494.0,-3.706,18129.0,8056.1,1.347,20781.8,333287557.0,184.172,317.185,142.632,108.485,173.9,272445.0,93709994.0,92735958.0,60.2,3.011554956,2.32,1411.811,1.406,15.483,656.282,48.136,25320.0,9.5,104.365,1.39,2968.2213,-0.603348326833616,2.2863,3.7635,74.37,4.205,17404.21,4864.6,148.35,99.41,8.3,28107.31124,22723.126,87.0,0.0,0.0,32.0,0.0,0.0,57.0,52.0,0.0,0.0,69.0,4.0,0.0,0.0,19.0,8.0,0.0,6.0,11.0,7.0,47.0,6.6,,1.5,-16.0,16.0,61.0,,,0.1,2.1,2.9,3.4,3.0,3.1,0.0,1.3,,3.0,-0.3,2.7,0.3,2.4,-0.3,5.3,-893.0,-908.0,3.6,4.7,3.1,76.0,,Mar-24,0.6,2.2,0.8,-2.9,-2.6
2024-01-24,1035.6056,74.15,2.41863256,0.94088773,6710.6,3.7,251.328,244.078,158.986,173.411,190.864,310.668,321.67847079488496,7677230.0,1.68087145,0.2,336194.0,34.52,-0.49517,1.37,215000.0,131346000.0,5.33,4.603922367,309.685,157533.0,-820.883,-194810.0,3.1,2.62,1.38,1.69,1.03,1.17,1.4,657.67,129.419408734395,128.556847539769,314.438,22668.986,27944.627,4669874000000.0,3792099.0,125.148262188466,1454418750000.0,7.2,62.5,8863.0,5.32,120.8336,4.18,121.87,603825.0,41.336255562197,3061.121,3839.827,139.5,3451.125,72.75986,79.0,99.7321643996226,102.2251,98.9937,78.2611,498.3635,1035.6056,17398.9772,12274.3154,34001494.0,-3.706,18227.0,8056.1,1.347,20781.8,333287557.0,184.172,317.185,142.632,108.485,173.9,272445.0,93709994.0,92735958.0,60.2,3.011554956,2.37,1411.811,1.406,15.483,656.282,48.136,25320.0,9.5,104.365,1.39,2968.2213,-0.603348326833616,2.3026,3.8102,75.09,4.2432,17499.3,4868.55,147.51,99.4,16.8,28107.31124,22723.126,87.0,0.0,0.0,32.0,0.0,0.0,57.0,52.0,0.0,0.0,69.0,4.0,0.0,0.0,19.0,8.0,0.0,6.0,11.0,7.0,47.0,6.6,,1.5,-16.0,16.0,61.0,,,0.1,2.1,2.9,3.4,3.0,3.1,0.0,1.3,,3.0,-0.3,2.7,0.3,2.4,-0.3,5.3,-893.0,-908.0,3.6,4.7,3.1,76.0,,Mar-24,0.6,2.2,0.8,-2.9,-2.6
2024-01-25,1035.6056,74.15,2.41863256,0.94088773,6710.6,3.7,251.328,244.078,158.986,173.411,190.864,310.668,321.67847079488496,7677230.0,1.68087145,0.2,336194.0,34.52,-0.49517,1.37,215000.0,131346000.0,5.33,4.603922367,309.685,157533.0,-820.883,-194810.0,3.1,2.62,1.38,1.69,1.03,1.17,1.4,657.67,129.419408734395,128.556847539769,314.438,22668.986,27944.627,4669874000000.0,3792099.0,125.148262188466,1454418750000.0,7.2,62.5,8863.0,5.32,121.167,4.14,121.87,603825.0,41.336255562197,3061.121,3839.827,139.5,3451.125,72.75986,79.0,99.7321643996226,102.2251,98.9937,78.2611,498.3635,1035.6056,17398.9772,12274.3154,34001494.0,-3.706,18227.0,8056.1,1.347,20781.8,333287557.0,184.172,317.185,142.632,108.485,173.9,272445.0,93709994.0,92735958.0,60.2,3.011554956,2.34,1411.811,1.406,15.483,656.282,48.136,25320.0,9.5,104.365,1.39,2968.2213,-0.603348326833616,2.3219,3.7552,77.36,4.1549,17516.99,4894.16,147.66,99.36,25.3,28107.31124,22723.126,87.0,0.0,0.0,32.0,0.0,0.0,57.0,52.0,0.0,0.0,69.0,4.0,0.0,0.0,19.0,8.0,0.0,6.0,11.0,7.0,47.0,6.69,,1.5,-16.0,16.0,61.0,,,0.1,2.1,2.9,3.4,3.0,3.1,0.0,1.3,,3.0,-0.3,2.7,0.3,2.4,-0.3,5.3,-893.0,-908.0,3.6,4.7,3.1,76.0,,Mar-24,0.6,2.2,0.8,-2.9,-2.6
2024-01-26,1035.6056,74.15,2.41863256,0.94088773,6710.6,3.7,251.328,244.078,158.986,173.411,190.864,310.668,321.67847079488496,7677230.0,1.68087145,0.2,336194.0,34.52,-0.49136,1.37,215000.0,131346000.0,5.33,4.603922367,309.685,157533.0,-820.883,-194810.0,3.1,2.62,1.38,1.69,1.03,1.17,1.4,657.67,129.419408734395,128.556847539769,314.438,22668.986,27944.627,4669874000000.0,3792099.0,125.148262188466,1454418750000.0,7.2,62.5,8863.0,5.32,120.9665,4.15,121.87,603825.0,41.336255562197,3061.121,3839.827,139.5,3451.125,72.75986,79.0,99.7321643996226,102.2251,98.9937,78.2611,498.3635,1035.6056,17398.9772,12274.3154,34001494.0,-3.706,18227.0,8056.1,1.347,20781.8,333287557.0,184.172,317.185,142.632,108.485,173.9,272445.0,93709994.0,92735958.0,60.2,3.011554956,2.34,1411.811,1.406,15.483,656.282,48.136,25320.0,9.5,104.365,1.39,2968.2213,-0.603348326833616,2.3648,3.7716,78.01,4.2054,17421.01,4890.97,148.15,99.36,27.3,28107.31124,22723.126,87.0,0.0,0.0,32.0,0.0,0.0,57.0,52.0,0.0,0.0,69.0,4.0,0.0,0.0,19.0,8.0,0.0,6.0,11.0,7.0,47.0,6.69,,1.5,-16.0,16.0,61.0,,,0.1,2.1,2.9,3.4,3.0,3.1,0.0,1.3,,3.0,-0.3,2.7,0.3,2.4,-0.3,5.3,-893.0,-908.0,3.6,4.7,3.1,76.0,,Mar-24,0.6,2.2,0.8,-2.9,-2.6
2024-01-27,1035.6056,74.15,2.41863256,0.94088773,6710.6,3.7,251.328,244.078,158.986,173.411,190.864,310.668,321.67847079488496,7677230.0,1.68087145,0.2,336194.0,34.52,-0.49136,1.33,227000.0,131346000.0,5.33,4.603922367,309.685,157533.0,-820.883,-194810.0,3.1,2.62,1.38,1.69,1.03,1.17,1.4,657.67,129.419408734395,128.556847539769,314.438,22668.986,27944.627,4669874000000.0,3792099.0,125.148262188466,1454418750000.0,7.2,62.5,8863.0,5.32,120.9665,4.15,121.87,603825.0,41.336255562197,3061.121,3839.827,139.5,3451.125,72.75986,79.0,99.7321643996226,102.2251,98.9937,78.2611,498.3635,1035.6056,17398.9772,12274.3154,34001494.0,-3.706,18227.0,8056.1,1.347,20781.8,333287557.0,184.172,317.185,142.632,108.485,173.9,272445.0,93709994.0,92735958.0,60.2,3.011554956,2.34,1411.811,1.406,15.483,656.282,48.136,25320.0,9.5,104.365,1.39,2968.2213,-0.603348326833616,2.3648,3.7716,78.01,4.2054,17421.01,4890.97,148.15,99.36,27.3,28107.31124,22723.126,87.0,0.0,0.0,32.0,0.0,0.0,57.0,52.0,0.0,0.0,69.0,4.0,0.0,0.0,19.0,8.0,0.0,6.0,11.0,7.0,47.0,6.69,,1.5,-16.0,16.0,61.0,,,0.1,2.1,2.9,3.4,3.0,3.1,0.0,1.3,,3.0,-0.3,2.7,0.3,2.4,-0.3,5.3,-893.0,-908.0,3.6,4.7,3.1,76.0,,Mar-24,0.6,2.2,0.8,-2.9,-2.6
2024-01-28,1035.6056,74.15,2.41863256,0.94088773,6710.6,3.7,251.328,244.078,158.986,173.411,190.864,310.668,321.67847079488496,7677230.0,1.68087145,0.2,336194.0,34.52,-0.49136,1.33,227000.0,131346000.0,5.33,4.603922367,309.685,157533.0,-820.883,-194810.0,3.1,2.62,1.38,1.69,1.03,1.17,1.4,657.67,129.419408734395,128.556847539769,314.438,22668.986,27944.627,4669874000000.0,3792099.0,125.148262188466,1454418750000.0,7.2,62.5,8863.0,5.32,120.9665,4.15,121.87,603825.0,41.336255562197,3061.121,3839.827,139.5,3451.125,72.75986,79.0,99.7321643996226,102.2251,98.9937,78.2611,498.3635,1035.6056,17398.9772,12274.3154,34001494.0,-3.706,18227.0,8056.1,1.347,20781.8,333287557.0,184.172,317.185,142.632,108.485,173.9,272445.0,93709994.0,92735958.0,60.2,3.011554956,2.34,1411.811,1.406,15.483,656.282,48.136,25320.0,9.5,104.365,1.39,2968.2213,-0.603348326833616,2.3648,3.7716,78.01,4.2054,17421.01,4890.97,148.15,99.36,27.3,28107.31124,22723.126,87.0,0.0,0.0,32.0,0.0,0.0,57.0,52.0,0.0,0.0,69.0,4.0,0.0,0.0,19.0,8.0,0.0,6.0,11.0,7.0,47.0,6.69,,1.5,-16.0,16.0,61.0,,,0.1,2.1,2.9,3.4,3.0,3.1,0.0,1.3,,3.0,-0.3,2.7,0.3,2.4,-0.3,5.3,-893.0,-908.0,3.6,4.7,3.1,76.0,,Mar-24,0.6,2.2,0.8,-2.9,-2.6
2024-01-29,1035.6056,74.15,2.41863256,0.94088773,6710.6,3.7,251.328,244.078,158.986,173.411,190.864,310.668,321.67847079488496,7677230.0,1.68087145,0.2,336194.0,34.52,-0.49136,1.33,227000.0,131346000.0,5.33,4.603922367,309.685,157533.0,-820.883,-194810.0,3.1,2.62,1.38,1.69,1.03,1.17,1.4,657.67,129.419408734395,128.556847539769,314.438,22668.986,27944.627,4669874000000.0,3792099.0,125.148262188466,1454418750000.0,7.2,62.5,8863.0,5.32,121.1888,4.08,121.87,603825.0,41.336255562197,3061.121,3839.827,139.5,3451.125,72.75986,79.0,99.7321643996226,102.2251,98.9937,78.2611,498.3635,1035.6056,17398.9772,12274.3154,34001494.0,-3.706,18227.0,8056.1,1.347,20781.8,333287557.0,184.172,317.185,142.632,108.485,173.9,272445.0,93709994.0,92735958.0,60.2,3.011554956,2.34,1411.811,1.406,15.483,656.282,48.136,25320.0,9.5,104.365,1.39,2968.2213,-0.603348326833616,2.3606,3.7127,76.78,4.1771,17596.27,4927.93,147.5,99.31,30.0,28107.31124,22723.126,87.0,0.0,0.0,32.0,0.0,0.0,57.0,52.0,0.0,0.0,69.0,4.0,0.0,0.0,19.0,8.0,0.0,6.0,11.0,7.0,47.0,6.69,,1.5,-16.0,16.0,61.0,,,0.1,2.1,2.9,3.4,3.0,3.1,0.0,1.3,,3.0,-0.3,2.7,0.3,2.4,-0.3,5.3,-893.0,-908.0,3.6,4.7,3.1,76.0,,Mar-24,0.6,2.2,0.8,-2.9,-2.6
2024-01-30,1035.6056,74.15,2.41863256,0.94088773,6710.6,3.7,251.328,244.078,158.986,173.411,190.864,310.668,321.67847079488496,7677230.0,1.68087145,0.2,336194.0,34.52,-0.49136,1.33,227000.0,131346000.0,5.33,4.603922367,309.685,157533.0,-820.883,-194810.0,3.1,2.62,1.38,1.69,1.03,1.17,1.4,657.67,129.419408734395,128.556847539769,314.438,22668.986,27944.627,4669874000000.0,3792099.0,125.148262188466,1454418750000.0,7.2,62.5,8863.0,5.32,120.9442,4.06,121.87,603825.0,41.336255562197,3061.121,3839.827,139.5,3451.125,72.75986,79.0,99.7321643996226,102.2251,98.9937,78.2611,498.3635,1035.6056,17398.9772,12274.3154,34001494.0,-3.706,18227.0,8056.1,1.347,20781.8,333287557.0,184.172,317.185,142.632,108.485,173.9,272445.0,93709994.0,92735958.0,60.2,3.011554956,2.27,1411.811,1.406,15.483,656.282,48.136,25320.0,9.5,104.365,1.39,2968.2213,-0.603348326833616,2.3782,3.6721,77.82,4.1977,17476.71,4924.97,147.61,99.28,27.8,28107.31124,22723.126,87.0,0.0,0.0,32.0,0.0,0.0,57.0,52.0,0.0,0.0,69.0,4.0,0.0,0.0,19.0,8.0,0.0,6.0,11.0,7.0,47.0,6.69,,1.5,-16.0,16.0,61.0,,,0.1,2.1,2.9,3.4,3.0,3.1,0.0,1.3,,3.0,-0.3,2.7,0.3,2.4,-0.3,5.3,-893.0,-908.0,3.6,4.7,3.1,76.0,,Mar-24,0.6,2.2,0.8,-2.9,-2.6
2024-01-31,1038.8917,74.15,2.41863256,0.94088773,6710.6,3.7,251.328,244.078,158.986,173.411,190.864,310.668,321.67847079488496,7630124.0,1.68087145,0.2,336194.0,34.52,-0.49136,1.33,227000.0,131346000.0,5.33,4.603922367,309.685,157533.0,-820.883,-194810.0,3.1,2.62,1.38,1.69,1.03,1.17,1.4,657.67,129.419408734395,128.556847539769,314.438,22668.986,27944.627,4669874000000.0,3792099.0,125.148262188466,1454418750000.0,7.2,62.5,8863.0,5.32,120.7727,3.99,121.87,603825.0,41.336255562197,3061.121,3839.827,139.5,3451.125,72.75986,79.0,99.7321643996226,102.2251,98.9937,78.2611,498.3252,1038.8917,17398.2279,12304.5681,34001494.0,-3.706,18247.0,8056.1,1.347,20781.8,333287557.0,184.172,317.185,142.632,108.485,173.9,272445.0,93709994.0,92735958.0,60.2,3.011554956,2.28,1411.811,1.406,15.483,656.282,48.136,25320.0,9.5,104.365,1.39,2968.2213,-0.603348326833616,2.328,3.5487,75.85,4.0715,17137.24,4845.65,146.92,99.35,25.7,28107.31124,22723.126,87.0,0.0,0.0,32.0,0.0,0.0,57.0,52.0,0.0,0.0,69.0,4.0,0.0,0.0,19.0,8.0,0.0,6.0,11.0,7.0,47.0,6.69,,1.5,-16.0,16.0,61.0,,,0.1,2.1,2.9,3.4,3.0,3.1,0.0,1.3,,3.0,-0.3,2.7,0.3,2.4,-0.3,5.3,-893.0,-908.0,3.6,4.7,3.1,76.0,,Mar-24,0.6,2.2,0.8,-2.9,-2.6
2024-02-01,1038.8917,77.25,2.42832804,0.91230154,6710.6,3.9,255.51,248.72,159.731,174.094,191.291,310.668,321.67847079488496,7630124.0,1.6168231,0.27,336194.0,34.57,-0.49136,1.33,227000.0,131346000.0,5.33,4.403102398,311.054,157808.0,-820.883,-194810.0,3.1,2.62,1.38,1.69,1.03,1.17,1.4,657.67,129.419408734395,128.556847539769,315.565,22668.986,27944.627,4669874000000.0,3792099.0,125.148262188466,1454418750000.0,7.3,62.5,8863.0,5.32,120.6832,3.87,121.87,607425.0,41.336255562197,3061.121,3839.827,139.9,3451.125,72.75986,79.0,99.7321643996226,102.3313,99.8464,78.2545,498.3252,1038.8917,17398.2279,12304.5681,34001494.0,-3.706,18247.0,8056.1,1.347,20781.8,333287557.0,185.062,328.771,143.431,108.485,174.8,272445.0,93709994.0,92735958.0,60.1,2.875203609,2.21,1411.811,1.406,15.483,656.282,48.136,25320.0,7.4,104.893,1.39,2976.9571,-0.603348326833616,2.2724,3.5208,73.82,4.0579,17344.71,4906.19,146.43,99.23,30.7,28107.31124,22723.126,98.0,0.0,0.0,34.0,0.0,0.0,56.0,54.0,0.0,0.0,57.0,3.0,0.0,0.0,21.0,8.0,0.0,7.0,15.0,6.0,56.0,6.63,,3.1,-11.0,9.0,65.0,,,1.5,4.3,2.9,4.4,4.1,4.5,0.0,2.9,,4.2,1.7,6.1,3.3,2.5,2.1,5.4,-899.0,-908.0,4.9,7.5,3.6,76.0,,Mar-24,2.1,2.3,0.8,-2.9,1.7
2024-02-02,1038.8917,77.25,2.42832804,0.91230154,6710.6,3.9,255.51,248.72,159.731,174.094,191.291,310.668,321.67847079488496,7630124.0,1.6168231,0.27,336194.0,34.57,-0.48745,1.33,227000.0,131346000.0,5.33,4.403102398,311.054,157808.0,-820.883,-194810.0,3.1,2.62,1.38,1.69,1.03,1.17,1.4,657.67,129.419408734395,128.556847539769,315.565,22668.986,27944.627,4669874000000.0,3792099.0,125.148262188466,1454418750000.0,7.3,62.5,8863.0,5.32,121.2438,4.03,121.87,607425.0,41.336255562197,3061.121,3839.827,139.9,3451.125,72.75986,79.0,99.7321643996226,102.3313,99.8464,78.2545,498.3252,1038.8917,17398.2279,12304.5681,34001494.0,-3.706,18247.0,8056.1,1.347,20781.8,333287557.0,185.062,328.771,143.431,108.485,174.8,272445.0,93709994.0,92735958.0,60.1,2.875203609,2.23,1411.811,1.406,15.483,656.282,48.136,25320.0,7.4,104.893,1.39,2976.9571,-0.603348326833616,2.2712,3.6605,72.28,4.237,17642.73,4958.61,148.38,99.28,39.5,28107.31124,22723.126,98.0,0.0,0.0,34.0,0.0,0.0,56.0,54.0,0.0,0.0,57.0,3.0,0.0,0.0,21.0,8.0,0.0,7.0,15.0,6.0,56.0,6.63,,2.5,9.0,13.0,84.0,,,0.1,2.6,2.9,3.3,3.0,3.1,0.0,2.3,,3.5,3.2,3.5,1.1,2.4,0.3,6.0,-895.0,-908.0,3.3,3.7,3.2,75.0,,Mar-24,1.8,2.1,0.8,-2.9,0.3
2024-02-03,1038.8917,77.25,2.42832804,0.91230154,6710.6,3.9,255.51,248.72,159.731,174.094,191.291,310.668,321.67847079488496,7630124.0,1.6168231,0.27,336194.0,34.57,-0.48745,1.95,220000.0,131346000.0,5.33,4.403102398,311.054,157808.0,-820.883,-194810.0,3.1,2.62,1.38,1.69,1.03,1.17,1.4,657.67,129.419408734395,128.556847539769,315.565,22668.986,27944.627,4669874000000.0,3792099.0,125.148262188466,1454418750000.0,7.3,62.5,8863.0,5.32,121.2438,4.03,121.87,607425.0,41.336255562197,3061.121,3839.827,139.9,3451.125,72.75986,79.0,99.7321643996226,102.3313,99.8464,78.2545,498.3252,1038.8917,17398.2279,12304.5681,34001494.0,-3.706,18247.0,8056.1,1.347,20781.8,333287557.0,185.062,328.771,143.431,108.485,174.8,272445.0,93709994.0,92735958.0,60.1,2.875203609,2.23,1411.811,1.406,15.483,656.282,48.136,25320.0,7.4,104.893,1.39,2976.9571,-0.603348326833616,2.2712,3.6605,72.28,4.237,17642.73,4958.61,148.38,99.28,39.5,28107.31124,22723.126,98.0,0.0,0.0,34.0,0.0,0.0,56.0,54.0,0.0,0.0,57.0,3.0,0.0,0.0,21.0,8.0,0.0,7.0,15.0,6.0,56.0,6.63,,2.5,9.0,13.0,84.0,,,0.1,2.6,2.9,3.3,3.0,3.1,0.0,2.3,,3.5,3.2,3.5,1.1,2.4,0.3,6.0,-895.0,-908.0,3.3,3.7,3.2,75.0,,Mar-24,1.8,2.1,0.8,-2.9,0.3
2024-02-04,1038.8917,77.25,2.42832804,0.91230154,6710.6,3.9,255.51,248.72,159.731,174.094,191.291,310.668,321.67847079488496,7630124.0,1.6168231,0.27,336194.0,34.57,-0.48745,1.95,220000.0,131346000.0,5.33,4.403102398,311.054,157808.0,-820.883,-194810.0,3.1,2.62,1.38,1.69,1.03,1.17,1.4,657.67,129.419408734395,128.556847539769,315.565,22668.986,27944.627,4669874000000.0,3792099.0,125.148262188466,1454418750000.0,7.3,62.5,8863.0,5.32,121.2438,4.03,121.87,607425.0,41.336255562197,3061.121,3839.827,139.9,3451.125,72.75986,79.0,99.7321643996226,102.3313,99.8464,78.2545,498.3252,1038.8917,17398.2279,12304.5681,34001494.0,-3.706,18247.0,8056.1,1.347,20781.8,333287557.0,185.062,328.771,143.431,108.485,174.8,272445.0,93709994.0,92735958.0,60.1,2.875203609,2.23,1411.811,1.406,15.483,656.282,48.136,25320.0,7.4,104.893,1.39,2976.9571,-0.603348326833616,2.2712,3.6605,72.28,4.237,17642.73,4958.61,148.38,99.28,39.5,28107.31124,22723.126,98.0,0.0,0.0,34.0,0.0,0.0,56.0,54.0,0.0,0.0,57.0,3.0,0.0,0.0,21.0,8.0,0.0,7.0,15.0,6.0,56.0,6.63,,2.5,9.0,13.0,84.0,,,0.1,2.6,2.9,3.3,3.0,3.1,0.0,2.3,,3.5,3.2,3.5,1.1,2.4,0.3,6.0,-895.0,-908.0,3.3,3.7,3.2,75.0,,Mar-24,1.8,2.1,0.8,-2.9,0.3
2024-02-05,1038.8917,77.25,2.42832804,0.91230154,6710.6,3.9,255.51,248.72,159.731,174.094,191.291,310.668,321.67847079488496,7630124.0,1.6168231,0.27,336194.0,34.57,-0.48745,1.95,220000.0,131346000.0,5.33,4.403102398,311.054,157808.0,-820.883,-194810.0,3.1,2.62,1.38,1.69,1.03,1.17,1.4,657.67,129.419408734395,128.556847539769,315.565,22668.986,27944.627,4669874000000.0,3792099.0,125.148262188466,1454418750000.0,7.3,62.5,8863.0,5.32,121.6831,4.17,121.87,607425.0,41.336255562197,3061.121,3839.827,139.9,3451.125,72.75986,79.0,99.7321643996226,102.3313,99.8464,78.2545,498.3252,1038.8917,17398.2279,12304.5681,34001494.0,-3.706,18247.0,8056.1,1.347,20781.8,333287557.0,185.062,328.771,143.431,108.485,174.8,272445.0,93709994.0,92735958.0,60.1,2.875203609,2.28,1411.811,1.406,15.483,656.282,48.136,25320.0,7.4,104.893,1.39,2976.9571,-0.603348326833616,2.3243,3.7905,72.78,4.3362,17613.04,4942.81,148.68,99.36,42.6,28107.31124,22723.126,98.0,0.0,0.0,34.0,0.0,0.0,56.0,54.0,0.0,0.0,57.0,3.0,0.0,0.0,21.0,8.0,0.0,7.0,15.0,6.0,56.0,6.63,,2.5,9.0,13.0,84.0,,,0.1,2.6,2.9,3.3,3.0,3.1,0.0,2.3,,3.5,3.2,3.5,1.1,2.4,0.4,6.0,-895.0,-908.0,3.3,3.7,3.2,75.0,,Mar-24,1.8,2.1,0.8,-2.9,0.3
2024-02-06,1038.8917,77.25,2.42832804,0.91230154,6710.6,3.9,255.51,248.72,159.731,174.094,191.291,310.668,321.67847079488496,7630124.0,1.6168231,0.27,336194.0,34.57,-0.48745,1.95,220000.0,131346000.0,5.33,4.403102398,311.054,157808.0,-820.883,-194810.0,3.1,2.62,1.38,1.69,1.03,1.17,1.4,657.67,129.419408734395,128.556847539769,315.565,22668.986,27944.627,4669874000000.0,3792099.0,125.148262188466,1454418750000.0,7.3,62.5,8863.0,5.32,121.3021,4.09,121.87,607425.0,41.336255562197,3061.121,3839.827,139.9,3451.125,72.75986,79.0,99.7321643996226,102.3313,99.8464,78.2545,498.3252,1038.8917,17398.2279,12304.5681,34001494.0,-3.706,18247.0,8056.1,1.347,20781.8,333287557.0,185.062,328.771,143.431,108.485,174.8,272445.0,93709994.0,92735958.0,60.1,2.875203609,2.24,1411.811,1.406,15.483,656.282,48.136,25320.0,7.4,104.893,1.39,2976.9571,-0.603348326833616,2.3454,3.7243,73.31,4.2656,17572.73,4954.23,147.94,99.3,42.9,28107.31124,22723.126,98.0,0.0,0.0,34.0,0.0,0.0,56.0,54.0,0.0,0.0,57.0,3.0,0.0,0.0,21.0,8.0,0.0,7.0,15.0,6.0,56.0,6.63,,2.5,9.0,13.0,84.0,,,0.1,2.6,2.9,3.3,3.0,3.1,0.0,2.3,,3.5,3.2,3.5,1.1,2.4,0.4,6.0,-895.0,-908.0,3.3,3.7,3.2,75.0,,Mar-24,1.8,2.1,0.8,-2.9,0.3
2024-02-07,1040.2685,77.25,2.42832804,0.91230154,6710.6,3.9,255.51,248.72,159.731,174.094,191.291,310.668,321.67847079488496,7631300.0,1.6168231,0.27,336194.0,34.57,-0.48745,1.95,220000.0,131346000.0,5.33,4.403102398,311.054,157808.0,-820.883,-194810.0,3.1,2.62,1.38,1.69,1.03,1.17,1.4,657.67,129.419408734395,128.556847539769,315.565,22668.986,27944.627,4669874000000.0,3792099.0,125.148262188466,1454418750000.0,7.3,62.5,8863.0,5.32,121.2518,4.09,121.87,607425.0,41.336255562197,3061.121,3839.827,139.9,3451.125,72.75986,79.0,99.7321643996226,102.3313,99.8464,78.2545,497.593,1040.2685,17381.4465,12293.6686,34001494.0,-3.706,18067.0,8056.1,1.347,20781.8,333287557.0,185.062,328.771,143.431,108.485,174.8,272445.0,93709994.0,92735958.0,60.1,2.875203609,2.2,1411.811,1.406,15.483,656.282,48.136,25320.0,7.4,104.893,1.39,2976.9571,-0.603348326833616,2.373,3.744,73.86,4.2926,17755.07,4995.06,148.18,99.28,43.5,28107.31124,22723.126,98.0,0.0,0.0,34.0,0.0,0.0,56.0,54.0,0.0,0.0,57.0,3.0,0.0,0.0,21.0,8.0,0.0,7.0,15.0,6.0,56.0,6.63,,2.4,9.0,12.0,84.0,,,-0.1,3.2,2.9,3.2,2.9,3.1,0.0,2.3,,3.4,3.2,3.3,1.2,2.4,1.0,6.0,-896.0,-908.0,3.3,3.7,3.0,75.0,,Mar-24,1.8,2.1,3.0,0.1,0.3
2024-02-08,1040.2685,77.25,2.42832804,0.91230154,6710.6,3.9,255.51,248.72,159.731,174.094,191.291,310.668,321.67847079488496,7631300.0,1.6168231,0.27,336194.0,34.57,-0.48745,1.95,220000.0,131346000.0,5.33,4.403102398,311.054,157808.0,-820.883,-194810.0,3.1,2.62,1.38,1.69,1.03,1.17,1.4,657.67,129.419408734395,128.556847539769,315.565,22668.986,27944.627,4669874000000.0,3792099.0,125.148262188466,1454418750000.0,7.3,62.5,8863.0,5.32,121.4226,4.15,121.87,607425.0,41.336255562197,3061.121,3839.827,139.9,3451.125,72.75986,79.0,99.7321643996226,102.3313,99.8464,78.2545,497.593,1040.2685,17381.4465,12293.6686,34001494.0,-3.706,18067.0,8056.1,1.347,20781.8,333287557.0,185.062,328.771,143.431,108.485,174.8,272445.0,93709994.0,92735958.0,60.1,2.875203609,2.2,1411.811,1.406,15.483,656.282,48.136,25320.0,7.4,104.893,1.39,2976.9571,-0.603348326833616,2.4116,3.7937,76.22,4.3167,17783.17,4997.91,149.32,99.31,44.0,28107.31124,22723.126,98.0,0.0,0.0,34.0,0.0,0.0,56.0,54.0,0.0,0.0,57.0,3.0,0.0,0.0,21.0,8.0,0.0,7.0,15.0,6.0,56.0,6.64,,2.4,11.0,12.0,84.0,,,0.0,3.2,2.9,3.2,2.9,3.0,0.0,2.3,,3.4,3.3,3.4,1.2,2.4,1.0,6.0,-896.0,-908.0,3.2,3.7,3.0,74.0,,Mar-24,1.7,2.1,3.0,0.1,0.3
2024-02-09,1040.2685,77.25,2.42832804,0.91230154,6710.6,3.9,255.51,248.72,159.731,174.094,191.291,310.668,321.67847079488496,7631300.0,1.6168231,0.27,336194.0,34.57,-0.48365,1.95,220000.0,131346000.0,5.33,4.403102398,311.054,157808.0,-820.883,-194810.0,3.1,2.62,1.38,1.69,1.03,1.17,1.4,657.67,129.419408734395,128.556847539769,315.565,22668.986,27944.627,4669874000000.0,3792099.0,125.148262188466,1454418750000.0,7.3,62.5,8863.0,5.32,121.3851,4.17,121.87,607425.0,41.336255562197,3061.121,3839.827,139.9,3451.125,72.75986,79.0,99.7321643996226,102.3313,99.8464,78.2545,497.593,1040.2685,17381.4465,12293.6686,34001494.0,-3.706,18067.0,8056.1,1.347,20781.8,333287557.0,185.062,328.771,143.431,108.485,174.8,272445.0,93709994.0,92735958.0,60.1,2.875203609,2.22,1411.811,1.406,15.483,656.282,48.136,25320.0,7.4,104.893,1.39,2976.9571,-0.603348326833616,2.4363,3.8149,76.84,4.3436,17962.4,5026.61,149.29,99.29,44.1,28107.31124,22723.126,98.0,0.0,0.0,34.0,0.0,0.0,56.0,54.0,0.0,0.0,57.0,3.0,0.0,0.0,21.0,8.0,0.0,7.0,15.0,6.0,56.0,6.64,,2.4,11.0,12.0,84.0,,,0.0,3.2,2.9,3.2,2.9,3.0,0.0,2.3,,3.4,3.3,3.4,1.2,2.4,1.0,6.0,-896.0,-908.0,3.2,3.7,3.0,74.0,,Mar-24,1.7,2.1,3.0,0.1,0.3
2024-02-10,1040.2685,77.25,2.42832804,0.91230154,6710.6,3.9,255.51,248.72,159.731,174.094,191.291,310.668,321.67847079488496,7631300.0,1.6168231,0.27,336194.0,34.57,-0.48365,1.38,213000.0,131346000.0,5.33,4.403102398,311.054,157808.0,-820.883,-194810.0,3.1,2.62,1.38,1.69,1.03,1.17,1.4,657.67,129.419408734395,128.556847539769,315.565,22668.986,27944.627,4669874000000.0,3792099.0,125.148262188466,1454418750000.0,7.3,62.5,8863.0,5.32,121.3851,4.17,121.87,607425.0,41.336255562197,3061.121,3839.827,139.9,3451.125,72.75986,79.0,99.7321643996226,102.3313,99.8464,78.2545,497.593,1040.2685,17381.4465,12293.6686,34001494.0,-3.706,18067.0,8056.1,1.347,20781.8,333287557.0,185.062,328.771,143.431,108.485,174.8,272445.0,93709994.0,92735958.0,60.1,2.875203609,2.22,1411.811,1.406,15.483,656.282,48.136,25320.0,7.4,104.893,1.39,2976.9571,-0.603348326833616,2.4363,3.8149,76.84,4.3436,17962.4,5026.61,149.29,99.29,44.1,28107.31124,22723.126,98.0,0.0,0.0,34.0,0.0,0.0,56.0,54.0,0.0,0.0,57.0,3.0,0.0,0.0,21.0,8.0,0.0,7.0,15.0,6.0,56.0,6.64,,2.4,11.0,12.0,84.0,,,0.0,3.2,2.9,3.2,2.9,3.0,0.0,2.3,,3.4,3.3,3.4,1.2,2.4,1.0,6.0,-896.0,-908.0,3.2,3.7,3.0,74.0,,Mar-24,1.7,2.1,3.0,0.1,0.3
2024-02-11,1040.2685,77.25,2.42832804,0.91230154,6710.6,3.9,255.51,248.72,159.731,174.094,191.291,310.668,321.67847079488496,7631300.0,1.6168231,0.27,336194.0,34.57,-0.48365,1.38,213000.0,131346000.0,5.33,4.403102398,311.054,157808.0,-820.883,-194810.0,3.1,2.62,1.38,1.69,1.03,1.17,1.4,657.67,129.419408734395,128.556847539769,315.565,22668.986,27944.627,4669874000000.0,3792099.0,125.148262188466,1454418750000.0,7.3,62.5,8863.0,5.32,121.3851,4.17,121.87,607425.0,41.336255562197,3061.121,3839.827,139.9,3451.125,72.75986,79.0,99.7321643996226,102.3313,99.8464,78.2545,497.593,1040.2685,17381.4465,12293.6686,34001494.0,-3.706,18067.0,8056.1,1.347,20781.8,333287557.0,185.062,328.771,143.431,108.485,174.8,272445.0,93709994.0,92735958.0,60.1,2.875203609,2.22,1411.811,1.406,15.483,656.282,48.136,25320.0,7.4,104.893,1.39,2976.9571,-0.603348326833616,2.4363,3.8149,76.84,4.3436,17962.4,5026.61,149.29,99.29,44.1,28107.31124,22723.126,98.0,0.0,0.0,34.0,0.0,0.0,56.0,54.0,0.0,0.0,57.0,3.0,0.0,0.0,21.0,8.0,0.0,7.0,15.0,6.0,56.0,6.64,,2.4,11.0,12.0,84.0,,,0.0,3.2,2.9,3.2,2.9,3.0,0.0,2.3,,3.4,3.3,3.4,1.2,2.4,1.0,6.0,-896.0,-908.0,3.2,3.7,3.0,74.0,,Mar-24,1.7,2.1,3.0,0.1,0.3
2024-02-12,1040.2685,77.25,2.42832804,0.91230154,6710.6,3.9,255.51,248.72,159.731,174.094,191.291,310.668,321.67847079488496,7631300.0,1.6168231,0.27,336194.0,34.57,-0.48365,1.38,213000.0,131346000.0,5.33,4.403102398,311.054,157808.0,-820.883,-194810.0,3.1,2.62,1.38,1.69,1.03,1.17,1.4,657.67,129.419408734395,128.556847539769,315.565,22668.986,27944.627,4669874000000.0,3792099.0,125.148262188466,1454418750000.0,7.3,62.5,8863.0,5.32,121.2839,4.17,121.87,607425.0,41.336255562197,3061.121,3839.827,139.9,3451.125,72.75986,79.0,99.7321643996226,102.3313,99.8464,78.2545,497.593,1040.2685,17381.4465,12293.6686,34001494.0,-3.706,18067.0,8056.1,1.347,20781.8,333287557.0,185.062,328.771,143.431,108.485,174.8,272445.0,93709994.0,92735958.0,60.1,2.875203609,2.21,1411.811,1.406,15.483,656.282,48.136,25320.0,7.4,104.893,1.39,2976.9571,-0.603348326833616,2.4396,3.816,76.92,4.3365,17882.66,5021.84,149.35,99.3,44.3,28107.31124,22723.126,98.0,0.0,0.0,34.0,0.0,0.0,56.0,54.0,0.0,0.0,57.0,3.0,0.0,0.0,21.0,8.0,0.0,7.0,15.0,6.0,56.0,6.64,,2.4,11.0,12.0,84.0,,,0.0,3.2,2.9,3.2,2.9,3.0,0.0,2.3,,3.4,3.4,3.4,1.2,2.4,1.0,6.0,-896.0,-908.0,3.2,3.7,3.0,74.0,,Mar-24,1.7,2.1,3.0,0.1,0.3
2024-02-13,1040.2685,77.25,2.42832804,0.91230154,6710.6,3.9,255.51,248.72,159.731,174.094,191.291,310.668,321.67847079488496,7631300.0,1.6168231,0.27,336194.0,34.57,-0.48365,1.38,213000.0,131346000.0,5.33,4.403102398,311.054,157808.0,-820.883,-194810.0,3.1,2.62,1.38,1.69,1.03,1.17,1.4,657.67,129.419408734395,128.556847539769,315.565,22668.986,27944.627,4669874000000.0,3792099.0,125.148262188466,1454418750000.0,7.3,62.5,8863.0,5.32,121.8558,4.31,121.87,607425.0,41.336255562197,3061.121,3839.827,139.9,3451.125,72.75986,79.0,99.7321643996226,102.3313,99.8464,78.2545,497.593,1040.2685,17381.4465,12293.6686,34001494.0,-3.706,18067.0,8056.1,1.347,20781.8,333287557.0,185.062,328.771,143.431,108.485,174.8,272445.0,93709994.0,92735958.0,60.1,2.875203609,2.25,1411.811,1.406,15.483,656.282,48.136,25320.0,7.4,104.893,1.39,2976.9571,-0.603348326833616,2.5806,3.9557,77.87,4.5409,17600.42,4953.17,150.8,99.46,47.7,28107.31124,22723.126,98.0,0.0,0.0,34.0,0.0,0.0,56.0,54.0,0.0,0.0,57.0,3.0,0.0,0.0,21.0,8.0,0.0,7.0,15.0,6.0,56.0,6.64,,2.4,11.0,12.0,84.0,,,0.0,3.2,2.9,3.2,2.9,3.0,0.0,2.3,,3.4,3.4,3.4,1.2,2.4,1.0,6.0,-896.0,-908.0,3.2,3.7,3.0,74.0,,Mar-24,1.7,2.1,3.0,0.1,0.3
2024-02-14,1043.5087,77.25,2.42832804,0.91230154,6710.6,3.9,255.51,248.72,159.731,174.094,191.291,310.668,321.67847079488496,7633874.0,1.6168231,0.27,336194.0,34.57,-0.48365,1.38,213000.0,131346000.0,5.33,4.403102398,311.054,157808.0,-820.883,-194810.0,3.1,2.62,1.38,1.69,1.03,1.17,1.4,657.67,129.419408734395,128.556847539769,315.565,22668.986,27944.627,4669874000000.0,3792099.0,125.148262188466,1454418750000.0,7.3,62.5,8863.0,5.32,121.7411,4.27,121.87,607425.0,41.336255562197,3061.121,3839.827,139.9,3451.125,72.75986,79.0,99.7321643996226,102.3313,99.8464,78.2545,497.6991,1043.5087,17431.6138,12320.167,34001494.0,-3.706,17932.0,8056.1,1.347,20781.8,333287557.0,185.062,328.771,143.431,108.485,174.8,272445.0,93709994.0,92735958.0,60.1,2.875203609,2.26,1411.811,1.406,15.483,656.282,48.136,25320.0,7.4,104.893,1.39,2976.9571,-0.603348326833616,2.592,3.9,76.64,4.4686,17807.63,5000.62,150.58,99.38,47.2,28107.31124,22723.126,98.0,0.0,0.0,34.0,0.0,0.0,56.0,54.0,0.0,0.0,57.0,3.0,0.0,0.0,21.0,8.0,0.0,7.0,15.0,6.0,56.0,6.64,,2.4,11.0,12.0,84.0,,,0.0,3.2,2.9,3.2,2.9,3.0,0.0,2.3,,3.4,3.4,3.4,1.2,2.4,1.0,6.0,-896.0,-908.0,3.2,3.7,3.0,74.0,,Mar-24,1.7,2.1,3.0,0.1,0.3
2024-02-15,1043.5087,77.25,2.42832804,0.91230154,6710.6,3.9,255.51,248.72,159.731,174.094,191.291,310.668,321.67847079488496,7633874.0,1.6168231,0.27,336194.0,34.57,-0.48365,1.38,213000.0,131346000.0,5.33,4.403102398,311.054,157808.0,-820.883,-194810.0,3.1,2.62,1.38,1.69,1.03,1.17,1.4,657.67,129.419408734395,128.556847539769,315.565,22668.986,27944.627,4669874000000.0,3792099.0,125.148262188466,1454418750000.0,7.3,62.5,8863.0,5.32,121.5567,4.24,121.87,607425.0,41.336255562197,3061.121,3839.827,139.9,3451.125,72.75986,79.0,99.7321643996226,102.3313,99.8464,78.2545,497.6991,1043.5087,17431.6138,12320.167,34001494.0,-3.706,17932.0,8056.1,1.347,20781.8,333287557.0,185.062,328.771,143.431,108.485,174.8,272445.0,93709994.0,92735958.0,60.1,2.875203609,2.25,1411.811,1.406,15.483,656.282,48.136,25320.0,7.4,104.893,1.39,2976.9571,-0.603348326833616,2.6029,3.8762,78.03,4.4565,17845.72,5029.73,149.93,99.31,45.8,28107.31124,22723.126,98.0,0.0,0.0,34.0,0.0,0.0,56.0,54.0,0.0,0.0,57.0,3.0,0.0,0.0,21.0,8.0,0.0,7.0,15.0,6.0,56.0,6.77,,1.9,8.0,11.0,73.0,,,-0.5,2.8,2.9,2.7,2.5,2.5,0.0,1.7,,2.9,2.4,2.7,1.0,2.4,0.8,6.0,-898.0,-908.0,2.7,1.2,3.4,65.0,,Mar-24,0.8,2.1,2.8,0.0,-1.2
2024-02-16,1043.5087,77.25,2.42832804,0.91230154,6710.6,3.9,255.51,248.72,159.731,174.094,191.291,310.668,321.67847079488496,7633874.0,1.6168231,0.27,336194.0,34.57,-0.48403,1.38,213000.0,131346000.0,5.33,4.403102398,311.054,157808.0,-820.883,-194810.0,3.1,2.62,1.38,1.69,1.03,1.17,1.4,657.67,129.419408734395,128.556847539769,315.565,22668.986,27944.627,4669874000000.0,3792099.0,125.148262188466,1454418750000.0,7.3,62.5,8863.0,5.32,121.4984,4.3,121.87,607425.0,41.336255562197,3061.121,3839.827,139.9,3451.125,72.75986,79.0,99.7321643996226,102.3313,99.8464,78.2545,497.6991,1043.5087,17431.6138,12320.167,34001494.0,-3.706,17932.0,8056.1,1.347,20781.8,333287557.0,185.062,328.771,143.431,108.485,174.8,272445.0,93709994.0,92735958.0,60.1,2.875203609,2.28,1411.811,1.406,15.483,656.282,48.136,25320.0,7.4,104.893,1.39,2976.9571,-0.603348326833616,2.6465,3.9171,79.19,4.509,17685.98,5005.57,150.21,99.36,40.4,28107.31124,22723.126,98.0,0.0,0.0,34.0,0.0,0.0,56.0,54.0,0.0,0.0,57.0,3.0,0.0,0.0,21.0,8.0,0.0,7.0,15.0,6.0,56.0,6.77,,1.9,8.0,11.0,73.0,,,-0.5,2.7,2.9,2.7,2.5,2.5,0.0,1.7,,2.9,2.5,2.6,0.9,2.4,0.7,6.0,-897.0,-908.0,2.7,1.2,3.4,65.0,,Mar-24,1.0,2.1,2.8,-0.1,-1.3
2024-02-17,1043.5087,77.25,2.42832804,0.91230154,6710.6,3.9,255.51,248.72,159.731,174.094,191.291,310.668,321.67847079488496,7633874.0,1.6168231,0.27,336194.0,34.57,-0.48403,1.47,202000.0,131346000.0,5.33,4.403102398,311.054,157808.0,-820.883,-194810.0,3.1,2.62,1.38,1.69,1.03,1.17,1.4,657.67,129.419408734395,128.556847539769,315.565,22668.986,27944.627,4669874000000.0,3792099.0,125.148262188466,1454418750000.0,7.3,62.5,8863.0,5.32,121.4984,4.3,121.87,607425.0,41.336255562197,3061.121,3839.827,139.9,3451.125,72.75986,79.0,99.7321643996226,102.3313,99.8464,78.2545,497.6991,1043.5087,17431.6138,12320.167,34001494.0,-3.706,17932.0,8056.1,1.347,20781.8,333287557.0,185.062,328.771,143.431,108.485,174.8,272445.0,93709994.0,92735958.0,60.1,2.875203609,2.28,1411.811,1.406,15.483,656.282,48.136,25320.0,7.4,104.893,1.39,2976.9571,-0.603348326833616,2.6465,3.9171,79.19,4.509,17685.98,5005.57,150.21,99.36,40.4,28107.31124,22723.126,98.0,0.0,0.0,34.0,0.0,0.0,56.0,54.0,0.0,0.0,57.0,3.0,0.0,0.0,21.0,8.0,0.0,7.0,15.0,6.0,56.0,6.77,,1.9,8.0,11.0,73.0,,,-0.5,2.7,2.9,2.7,2.5,2.5,0.0,1.7,,2.9,2.5,2.6,0.9,2.4,0.7,6.0,-897.0,-908.0,2.7,1.2,3.4,65.0,,Mar-24,1.0,2.1,2.8,-0.1,-1.3
2024-02-18,1043.5087,77.25,2.42832804,0.91230154,6710.6,3.9,255.51,248.72,159.731,174.094,191.291,310.668,321.67847079488496,7633874.0,1.6168231,0.27,336194.0,34.57,-0.48403,1.47,202000.0,131346000.0,5.33,4.403102398,311.054,157808.0,-820.883,-194810.0,3.1,2.62,1.38,1.69,1.03,1.17,1.4,657.67,129.419408734395,128.556847539769,315.565,22668.986,27944.627,4669874000000.0,3792099.0,125.148262188466,1454418750000.0,7.3,62.5,8863.0,5.32,121.4984,4.3,121.87,607425.0,41.336255562197,3061.121,3839.827,139.9,3451.125,72.75986,79.0,99.7321643996226,102.3313,99.8464,78.2545,497.6991,1043.5087,17431.6138,12320.167,34001494.0,-3.706,17932.0,8056.1,1.347,20781.8,333287557.0,185.062,328.771,143.431,108.485,174.8,272445.0,93709994.0,92735958.0,60.1,2.875203609,2.28,1411.811,1.406,15.483,656.282,48.136,25320.0,7.4,104.893,1.39,2976.9571,-0.603348326833616,2.6465,3.9171,79.19,4.509,17685.98,5005.57,150.21,99.36,40.4,28107.31124,22723.126,98.0,0.0,0.0,34.0,0.0,0.0,56.0,54.0,0.0,0.0,57.0,3.0,0.0,0.0,21.0,8.0,0.0,7.0,15.0,6.0,56.0,6.77,,1.9,8.0,11.0,73.0,,,-0.5,2.7,2.9,2.7,2.5,2.5,0.0,1.7,,2.9,2.5,2.6,0.9,2.4,0.7,6.0,-897.0,-908.0,2.7,1.2,3.4,65.0,,Mar-24,1.0,2.1,2.8,-0.1,-1.3
2024-02-19,1043.5087,77.25,2.42832804,0.91230154,6710.6,3.9,255.51,248.72,159.731,174.094,191.291,310.668,321.67847079488496,7633874.0,1.6168231,0.27,336194.0,34.57,-0.48403,1.47,202000.0,131346000.0,5.33,4.403102398,311.054,157808.0,-820.883,-194810.0,3.1,2.62,1.38,1.69,1.03,1.17,1.4,657.67,129.419408734395,128.556847539769,315.565,22668.986,27944.627,4669874000000.0,3792099.0,125.148262188466,1454418750000.0,7.3,62.5,8863.0,5.32,121.4984,4.3,121.87,607425.0,41.336255562197,3061.121,3839.827,139.9,3451.125,72.75986,79.0,99.7321643996226,102.3313,99.8464,78.2545,497.6991,1043.5087,17431.6138,12320.167,34001494.0,-3.706,17932.0,8056.1,1.347,20781.8,333287557.0,185.062,328.771,143.431,108.485,174.8,272445.0,93709994.0,92735958.0,60.1,2.875203609,2.28,1411.811,1.406,15.483,656.282,48.136,25320.0,7.4,104.893,1.39,2976.9571,-0.603348326833616,2.6465,3.9171,79.19,4.509,17685.98,5005.57,150.13,99.36,40.9,28107.31124,22723.126,98.0,0.0,0.0,34.0,0.0,0.0,56.0,54.0,0.0,0.0,57.0,3.0,0.0,0.0,21.0,8.0,0.0,7.0,15.0,6.0,56.0,6.77,,1.9,8.0,11.0,73.0,,,-0.5,2.7,2.9,2.7,2.5,2.5,0.0,1.7,,2.9,2.5,2.6,0.9,2.4,0.7,6.0,-897.0,-908.0,2.7,1.2,3.4,65.0,,Mar-24,1.0,2.1,2.8,-0.1,-1.3
2024-02-20,1043.5087,77.25,2.42832804,0.91230154,6710.6,3.9,255.51,248.72,159.731,174.094,191.291,310.668,321.67847079488496,7633874.0,1.6168231,0.27,336194.0,34.57,-0.48403,1.47,202000.0,131346000.0,5.33,4.403102398,311.054,157808.0,-820.883,-194810.0,3.1,2.62,1.38,1.69,1.03,1.17,1.4,657.67,129.419408734395,128.556847539769,315.565,22668.986,27944.627,4669874000000.0,3792099.0,125.148262188466,1454418750000.0,7.3,62.5,8863.0,5.32,121.3769,4.27,121.87,607425.0,41.336255562197,3061.121,3839.827,139.9,3451.125,72.75986,79.0,99.7321643996226,102.3313,99.8464,78.2545,497.6991,1043.5087,17431.6138,12320.167,34001494.0,-3.706,17932.0,8056.1,1.347,20781.8,333287557.0,185.062,328.771,143.431,108.485,174.8,272445.0,93709994.0,92735958.0,60.1,2.875203609,2.27,1411.811,1.406,15.483,656.282,48.136,25320.0,7.4,104.893,1.39,2976.9571,-0.603348326833616,2.6413,3.9146,78.18,4.4863,17546.1,4975.51,150.01,99.38,40.3,28107.31124,22723.126,98.0,0.0,0.0,34.0,0.0,0.0,56.0,54.0,0.0,0.0,57.0,3.0,0.0,0.0,21.0,8.0,0.0,7.0,15.0,6.0,56.0,6.77,,1.9,8.0,11.0,73.0,,,-0.5,2.7,2.9,2.7,2.5,2.5,0.0,1.7,,2.9,2.5,2.6,0.9,2.4,0.7,6.0,-897.0,-908.0,2.7,1.2,3.4,65.0,,Mar-24,1.0,2.1,2.8,-0.1,-1.3
2024-02-21,1044.0162,77.25,2.42832804,0.91230154,6710.6,3.9,255.51,248.72,159.731,174.094,191.291,310.668,321.67847079488496,7581683.0,1.6168231,0.27,336194.0,34.57,-0.48403,1.47,202000.0,131346000.0,5.33,4.403102398,311.054,157808.0,-820.883,-194810.0,3.1,2.62,1.38,1.69,1.03,1.17,1.4,657.67,129.419408734395,128.556847539769,315.565,22668.986,27944.627,4669874000000.0,3792099.0,125.148262188466,1454418750000.0,7.3,62.5,8863.0,5.32,121.3918,4.32,121.87,607425.0,41.336255562197,3061.121,3839.827,139.9,3451.125,72.75986,79.0,99.7321643996226,102.3313,99.8464,78.2545,497.1888,1044.0162,17420.0777,12320.765,34001494.0,-3.706,18041.0,8056.1,1.347,20781.8,333287557.0,185.062,328.771,143.431,108.485,174.8,272445.0,93709994.0,92735958.0,60.1,2.875203609,2.29,1411.811,1.406,15.483,656.282,48.136,25320.0,7.4,104.893,1.39,2976.9571,-0.603348326833616,2.6816,3.9551,77.91,4.5362,17478.91,4981.8,150.3,99.39,40.2,28107.31124,22723.126,98.0,0.0,0.0,34.0,0.0,0.0,56.0,54.0,0.0,0.0,57.0,3.0,0.0,0.0,21.0,8.0,0.0,7.0,15.0,6.0,56.0,6.77,,1.9,8.0,11.0,73.0,,,-0.5,2.7,2.9,2.7,2.5,2.5,0.0,1.7,,2.9,2.5,2.6,0.9,2.4,0.7,6.0,-897.0,-908.0,2.7,1.2,3.4,65.0,,Mar-24,1.0,2.1,2.8,-0.1,-1.3
2024-02-22,1044.0162,77.25,2.42832804,0.91230154,6710.6,3.9,255.51,248.72,159.731,174.094,191.291,310.668,321.67847079488496,7581683.0,1.6168231,0.27,336194.0,34.57,-0.48403,1.47,202000.0,131346000.0,5.33,4.403102398,311.054,157808.0,-820.883,-194810.0,3.1,2.62,1.38,1.69,1.03,1.17,1.4,657.67,129.419408734395,128.556847539769,315.565,22668.986,27944.627,4669874000000.0,3792099.0,125.148262188466,1454418750000.0,7.3,62.5,8863.0,5.32,121.4589,4.33,121.87,607425.0,41.336255562197,3061.121,3839.827,139.9,3451.125,72.75986,79.0,99.7321643996226,102.3313,99.8464,78.2545,497.1888,1044.0162,17420.0777,12320.765,34001494.0,-3.706,18041.0,8056.1,1.347,20781.8,333287557.0,185.062,328.771,143.431,108.485,174.8,272445.0,93709994.0,92735958.0,60.1,2.875203609,2.25,1411.811,1.406,15.483,656.282,48.136,25320.0,7.4,104.893,1.39,2976.9571,-0.603348326833616,2.6797,3.9564,78.61,4.574,18004.7,5087.03,150.53,99.27,43.8,28107.31124,22723.126,98.0,0.0,0.0,34.0,0.0,0.0,56.0,54.0,0.0,0.0,57.0,3.0,0.0,0.0,21.0,8.0,0.0,7.0,15.0,6.0,56.0,6.9,,1.9,8.0,11.0,73.0,,,-0.5,2.7,2.9,2.8,2.5,2.5,0.0,1.9,,2.9,2.7,2.7,0.9,2.4,0.7,6.0,-898.0,-908.0,2.7,1.2,3.4,65.0,,Mar-24,1.8,2.1,2.8,-0.1,-1.3
2024-02-23,1044.0162,77.25,2.42832804,0.91230154,6710.6,3.9,255.51,248.72,159.731,174.094,191.291,310.668,321.67847079488496,7581683.0,1.6168231,0.27,336194.0,34.57,-0.48922,1.47,202000.0,131346000.0,5.33,4.403102398,311.054,157808.0,-820.883,-194810.0,3.1,2.62,1.38,1.69,1.03,1.17,1.4,657.67,129.419408734395,128.556847539769,315.565,22668.986,27944.627,4669874000000.0,3792099.0,125.148262188466,1454418750000.0,7.3,62.5,8863.0,5.32,121.3991,4.26,121.87,607425.0,41.336255562197,3061.121,3839.827,139.9,3451.125,72.75986,79.0,99.7321643996226,102.3313,99.8464,78.2545,497.1888,1044.0162,17420.0777,12320.765,34001494.0,-3.706,18041.0,8056.1,1.347,20781.8,333287557.0,185.062,328.771,143.431,108.485,174.8,272445.0,93709994.0,92735958.0,60.1,2.875203609,2.26,1411.811,1.406,15.483,656.282,48.136,25320.0,7.4,104.893,1.39,2976.9571,-0.603348326833616,2.6759,3.8756,76.49,4.5589,17937.61,5088.8,150.51,99.26,43.8,28107.31124,22723.126,98.0,0.0,0.0,34.0,0.0,0.0,56.0,54.0,0.0,0.0,57.0,3.0,0.0,0.0,21.0,8.0,0.0,7.0,15.0,6.0,56.0,6.9,,1.9,8.0,11.0,73.0,,,-0.5,2.7,2.9,2.8,2.5,2.5,0.0,1.9,,2.9,2.7,2.7,0.9,2.4,0.7,6.0,-898.0,-908.0,2.7,1.2,3.4,65.0,,Mar-24,1.8,2.1,2.8,-0.1,-1.3
2024-02-24,1044.0162,77.25,2.42832804,0.91230154,6710.6,3.9,255.51,248.72,159.731,174.094,191.291,310.668,321.67847079488496,7581683.0,1.6168231,0.27,336194.0,34.57,-0.48922,1.58,213000.0,131346000.0,5.33,4.403102398,311.054,157808.0,-820.883,-194810.0,3.1,2.62,1.38,1.69,1.03,1.17,1.4,657.67,129.419408734395,128.556847539769,315.565,22668.986,27944.627,4669874000000.0,3792099.0,125.148262188466,1454418750000.0,7.3,62.5,8863.0,5.32,121.3991,4.26,121.87,607425.0,41.336255562197,3061.121,3839.827,139.9,3451.125,72.75986,79.0,99.7321643996226,102.3313,99.8464,78.2545,497.1888,1044.0162,17420.0777,12320.765,34001494.0,-3.706,18041.0,8056.1,1.347,20781.8,333287557.0,185.062,328.771,143.431,108.485,174.8,272445.0,93709994.0,92735958.0,60.1,2.875203609,2.26,1411.811,1.406,15.483,656.282,48.136,25320.0,7.4,104.893,1.39,2976.9571,-0.603348326833616,2.6759,3.8756,76.49,4.5589,17937.61,5088.8,150.51,99.26,43.8,28107.31124,22723.126,98.0,0.0,0.0,34.0,0.0,0.0,56.0,54.0,0.0,0.0,57.0,3.0,0.0,0.0,21.0,8.0,0.0,7.0,15.0,6.0,56.0,6.9,,1.9,8.0,11.0,73.0,,,-0.5,2.7,2.9,2.8,2.5,2.5,0.0,1.9,,2.9,2.7,2.7,0.9,2.4,0.7,6.0,-898.0,-908.0,2.7,1.2,3.4,65.0,,Mar-24,1.8,2.1,2.8,-0.1,-1.3
2024-02-25,1044.0162,77.25,2.42832804,0.91230154,6710.6,3.9,255.51,248.72,159.731,174.094,191.291,310.668,321.67847079488496,7581683.0,1.6168231,0.27,336194.0,34.57,-0.48922,1.58,213000.0,131346000.0,5.33,4.403102398,311.054,157808.0,-820.883,-194810.0,3.1,2.62,1.38,1.69,1.03,1.17,1.4,657.67,129.419408734395,128.556847539769,315.565,22668.986,27944.627,4669874000000.0,3792099.0,125.148262188466,1454418750000.0,7.3,62.5,8863.0,5.32,121.3991,4.26,121.87,607425.0,41.336255562197,3061.121,3839.827,139.9,3451.125,72.75986,79.0,99.7321643996226,102.3313,99.8464,78.2545,497.1888,1044.0162,17420.0777,12320.765,34001494.0,-3.706,18041.0,8056.1,1.347,20781.8,333287557.0,185.062,328.771,143.431,108.485,174.8,272445.0,93709994.0,92735958.0,60.1,2.875203609,2.26,1411.811,1.406,15.483,656.282,48.136,25320.0,7.4,104.893,1.39,2976.9571,-0.603348326833616,2.6759,3.8756,76.49,4.5589,17937.61,5088.8,150.51,99.26,43.8,28107.31124,22723.126,98.0,0.0,0.0,34.0,0.0,0.0,56.0,54.0,0.0,0.0,57.0,3.0,0.0,0.0,21.0,8.0,0.0,7.0,15.0,6.0,56.0,6.9,,1.9,8.0,11.0,73.0,,,-0.5,2.7,2.9,2.8,2.5,2.5,0.0,1.9,,2.9,2.7,2.7,0.9,2.4,0.7,6.0,-898.0,-908.0,2.7,1.2,3.4,65.0,,Mar-24,1.8,2.1,2.8,-0.1,-1.3
2024-02-26,1044.0162,77.25,2.42832804,0.91230154,6710.6,3.9,255.51,248.72,159.731,174.094,191.291,310.668,321.67847079488496,7581683.0,1.6168231,0.27,336194.0,34.57,-0.48922,1.58,213000.0,131346000.0,5.33,4.403102398,311.054,157808.0,-820.883,-194810.0,3.1,2.62,1.38,1.69,1.03,1.17,1.4,657.67,129.419408734395,128.556847539769,315.565,22668.986,27944.627,4669874000000.0,3792099.0,125.148262188466,1454418750000.0,7.3,62.5,8863.0,5.32,121.4197,4.28,121.87,607425.0,41.336255562197,3061.121,3839.827,139.9,3451.125,72.75986,79.0,99.7321643996226,102.3313,99.8464,78.2545,497.1888,1044.0162,17420.0777,12320.765,34001494.0,-3.706,18041.0,8056.1,1.347,20781.8,333287557.0,185.062,328.771,143.431,108.485,174.8,272445.0,93709994.0,92735958.0,60.1,2.875203609,2.26,1411.811,1.406,15.483,656.282,48.136,25320.0,7.4,104.893,1.39,2976.9571,-0.603348326833616,2.7114,3.8958,77.58,4.5885,17933.33,5069.53,150.7,99.29,42.2,28107.31124,22723.126,98.0,0.0,0.0,34.0,0.0,0.0,56.0,54.0,0.0,0.0,57.0,3.0,0.0,0.0,21.0,8.0,0.0,7.0,15.0,6.0,56.0,6.9,,1.9,8.0,11.0,73.0,,,-0.5,2.7,2.9,3.0,2.8,2.8,0.0,3.4,,3.2,4.1,2.7,1.0,2.4,0.8,6.0,-898.0,-908.0,2.7,1.2,3.4,65.0,,Mar-24,8.6,2.1,2.8,-0.1,-1.2
2024-02-27,1044.0162,77.25,2.42832804,0.91230154,6710.6,3.9,255.51,248.72,159.731,174.094,191.291,310.668,321.67847079488496,7581683.0,1.6168231,0.27,336194.0,34.57,-0.48922,1.58,213000.0,131346000.0,5.33,4.403102398,311.054,157808.0,-820.883,-194810.0,3.1,2.62,1.38,1.69,1.03,1.17,1.4,657.67,129.419408734395,128.556847539769,315.565,22668.986,27944.627,4669874000000.0,3792099.0,125.148262188466,1454418750000.0,7.3,62.5,8863.0,5.32,121.3297,4.31,121.87,607425.0,41.336255562197,3061.121,3839.827,139.9,3451.125,72.75986,79.0,99.7321643996226,102.3313,99.8464,78.2545,497.1888,1044.0162,17420.0777,12320.765,34001494.0,-3.706,18041.0,8056.1,1.347,20781.8,333287557.0,185.062,328.771,143.431,108.485,174.8,272445.0,93709994.0,92735958.0,60.1,2.875203609,2.26,1411.811,1.406,15.483,656.282,48.136,25320.0,7.4,104.893,1.39,2976.9571,-0.603348326833616,2.7478,3.9188,78.87,4.5938,17971.05,5078.18,150.51,99.3,38.3,28107.31124,22723.126,98.0,0.0,0.0,34.0,0.0,0.0,56.0,54.0,0.0,0.0,57.0,3.0,0.0,0.0,21.0,8.0,0.0,7.0,15.0,6.0,56.0,6.9,,2.0,11.0,11.0,73.0,,,-0.1,2.7,2.9,3.1,2.8,2.9,0.0,3.5,,3.2,4.6,2.6,0.8,2.4,0.7,6.0,-897.0,-908.0,2.7,1.2,3.4,63.0,,Mar-24,8.6,2.1,2.8,-0.1,-1.3
2024-02-28,1052.3533,77.25,2.42832804,0.91230154,6710.6,3.9,255.51,248.72,159.731,174.094,191.291,310.668,321.67847079488496,7567807.0,1.6168231,0.27,336194.0,34.57,-0.48922,1.58,213000.0,131346000.0,5.33,4.403102398,311.054,157808.0,-820.883,-194810.0,3.1,2.62,1.38,1.69,1.03,1.17,1.4,657.67,129.419408734395,128.556847539769,315.565,22668.986,27944.627,4669874000000.0,3792099.0,125.148262188466,1454418750000.0,7.3,62.5,8863.0,5.32,121.4886,4.27,121.87,607425.0,41.336255562197,3061.121,3839.827,139.9,3451.125,72.75986,79.0,99.7321643996226,102.3313,99.8464,78.2545,497.2163,1052.3533,17448.8151,12341.1999,34001494.0,-3.706,18054.0,8056.1,1.347,20781.8,333287557.0,185.062,328.771,143.431,108.485,174.8,272445.0,93709994.0,92735958.0,60.1,2.875203609,2.28,1411.811,1.406,15.483,656.282,48.136,25320.0,7.4,104.893,1.39,2976.9571,-0.603348326833616,2.7736,3.8844,78.54,4.5395,17874.5,5069.76,150.69,99.32,37.8,28107.31124,22723.126,98.0,0.0,0.0,34.0,0.0,0.0,56.0,54.0,0.0,0.0,57.0,3.0,0.0,0.0,21.0,8.0,0.0,7.0,15.0,6.0,56.0,6.9,,2.0,11.0,11.0,73.0,,,-0.1,2.7,2.9,3.1,2.8,2.9,0.0,3.5,,3.2,4.6,2.6,0.8,2.4,0.7,6.0,-897.0,-908.0,2.7,1.2,3.4,63.0,,Mar-24,8.6,2.1,2.8,-0.1,-1.3
2024-02-29,1052.3533,77.25,2.42832804,0.91230154,6710.6,3.9,255.51,248.72,159.731,174.094,191.291,310.668,321.67847079488496,7567807.0,1.6168231,0.27,336194.0,34.57,-0.48922,1.58,213000.0,131346000.0,5.33,4.403102398,311.054,157808.0,-820.883,-194810.0,3.1,2.62,1.38,1.69,1.03,1.17,1.4,657.67,129.419408734395,128.556847539769,315.565,22668.986,27944.627,4669874000000.0,3792099.0,125.148262188466,1454418750000.0,7.3,62.5,8863.0,5.32,121.5385,4.25,121.87,607425.0,41.336255562197,3061.121,3839.827,139.9,3451.125,72.75986,79.0,99.7321643996226,102.3313,99.8464,78.2545,497.2163,1052.3533,17448.8151,12341.1999,34001494.0,-3.706,18054.0,8056.1,1.347,20781.8,333287557.0,185.062,328.771,143.431,108.485,174.8,272445.0,93709994.0,92735958.0,60.1,2.875203609,2.26,1411.811,1.406,15.483,656.282,48.136,25320.0,7.4,104.893,1.39,2976.9571,-0.603348326833616,2.7886,3.8733,78.26,4.5205,18043.85,5096.27,149.98,99.28,40.6,28107.31124,22723.126,98.0,0.0,0.0,34.0,0.0,0.0,56.0,54.0,0.0,0.0,57.0,3.0,0.0,0.0,21.0,8.0,0.0,7.0,15.0,6.0,56.0,6.94,,2.0,11.0,11.0,73.0,,,-0.1,2.7,2.9,3.1,2.8,2.9,0.0,3.5,,3.2,4.6,2.6,0.8,2.4,0.7,6.0,-897.0,-908.0,2.7,1.2,3.4,63.0,,Mar-24,8.6,2.1,2.8,-0.1,-1.3
2024-03-01,1052.3533,77.25,2.07792002,0.91230154,6710.6,3.9,255.51,248.72,159.731,174.094,191.291,310.668,321.67847079488496,7567807.0,1.93816327,0.27,336194.0,34.57,-0.49992,1.58,213000.0,131346000.0,5.33,4.403102398,311.054,157808.0,-820.883,-194810.0,3.1,2.62,1.38,1.69,1.03,1.17,1.4,657.67,129.419408734395,128.556847539769,315.565,22668.986,27944.627,4669874000000.0,3792099.0,125.148262188466,1454418750000.0,7.3,62.5,8863.0,5.32,121.3741,4.19,121.87,607425.0,41.336255562197,3061.121,3839.827,139.9,3451.125,72.75986,79.0,99.7321643996226,102.3313,99.8464,78.2545,497.2163,1052.3533,17448.8151,12341.1999,34001494.0,-3.706,18054.0,8056.1,1.347,20781.8,333287557.0,185.062,328.771,143.431,108.485,174.8,272445.0,93709994.0,92735958.0,60.1,2.875203609,2.24,1411.811,1.406,15.483,656.282,48.136,25320.0,5.9,104.893,1.39,2976.9571,-0.603348326833616,2.8046,3.8064,79.97,4.4501,18302.91,5137.08,150.12,99.22,34.1,28107.31124,22723.126,100.0,0.0,0.0,35.0,0.0,0.0,54.0,53.0,0.0,0.0,59.0,4.0,0.0,0.0,21.0,8.0,0.0,8.0,13.0,5.0,56.0,6.94,,0.4,1.0,2.0,65.0,,,-5.9,0.7,3.3,2.1,2.0,1.9,0.0,1.1,,2.1,1.1,0.0,0.5,2.4,0.3,6.1,-912.0,-915.0,2.2,-0.6,3.5,65.0,,Mar-24,3.5,1.8,2.3,-1.0,0.9
2024-03-02,1052.3533,77.25,2.07792002,0.91230154,6710.6,3.9,255.51,248.72,159.731,174.094,191.291,310.668,321.67847079488496,7567807.0,1.93816327,0.27,336194.0,34.57,-0.49992,2.0,210000.0,131346000.0,5.33,4.403102398,311.054,157808.0,-820.883,-194810.0,3.1,2.62,1.38,1.69,1.03,1.17,1.4,657.67,129.419408734395,128.556847539769,315.565,22668.986,27944.627,4669874000000.0,3792099.0,125.148262188466,1454418750000.0,7.3,62.5,8863.0,5.32,121.3741,4.19,121.87,607425.0,41.336255562197,3061.121,3839.827,139.9,3451.125,72.75986,79.0,99.7321643996226,102.3313,99.8464,78.2545,497.2163,1052.3533,17448.8151,12341.1999,34001494.0,-3.706,18054.0,8056.1,1.347,20781.8,333287557.0,185.062,328.771,143.431,108.485,174.8,272445.0,93709994.0,92735958.0,60.1,2.875203609,2.24,1411.811,1.406,15.483,656.282,48.136,25320.0,5.9,104.893,1.39,2976.9571,-0.603348326833616,2.8046,3.8064,79.97,4.4501,18302.91,5137.08,150.12,99.22,34.1,28107.31124,22723.126,100.0,0.0,0.0,35.0,0.0,0.0,54.0,53.0,0.0,0.0,59.0,4.0,0.0,0.0,21.0,8.0,0.0,8.0,13.0,5.0,56.0,6.94,,0.4,1.0,2.0,65.0,,,-5.9,0.7,3.3,2.1,2.0,1.9,0.0,1.1,,2.1,1.1,0.0,0.5,2.4,0.3,6.1,-912.0,-915.0,2.2,-0.6,3.5,65.0,,Mar-24,3.5,1.8,2.3,-1.0,0.9
2024-03-03,1052.3533,77.25,2.07792002,0.91230154,6710.6,3.9,255.51,248.72,159.731,174.094,191.291,310.668,321.67847079488496,7567807.0,1.93816327,0.27,336194.0,34.57,-0.49992,2.0,210000.0,131346000.0,5.33,4.403102398,311.054,157808.0,-820.883,-194810.0,3.1,2.62,1.38,1.69,1.03,1.17,1.4,657.67,129.419408734395,128.556847539769,315.565,22668.986,27944.627,4669874000000.0,3792099.0,125.148262188466,1454418750000.0,7.3,62.5,8863.0,5.32,121.3741,4.19,121.87,607425.0,41.336255562197,3061.121,3839.827,139.9,3451.125,72.75986,79.0,99.7321643996226,102.3313,99.8464,78.2545,497.2163,1052.3533,17448.8151,12341.1999,34001494.0,-3.706,18054.0,8056.1,1.347,20781.8,333287557.0,185.062,328.771,143.431,108.485,174.8,272445.0,93709994.0,92735958.0,60.1,2.875203609,2.24,1411.811,1.406,15.483,656.282,48.136,25320.0,5.9,104.893,1.39,2976.9571,-0.603348326833616,2.8046,3.8064,79.97,4.4501,18302.91,5137.08,150.12,99.22,34.1,28107.31124,22723.126,100.0,0.0,0.0,35.0,0.0,0.0,54.0,53.0,0.0,0.0,59.0,4.0,0.0,0.0,21.0,8.0,0.0,8.0,13.0,5.0,56.0,6.94,,0.4,1.0,2.0,65.0,,,-5.9,0.7,3.3,2.1,2.0,1.9,0.0,1.1,,2.1,1.1,0.0,0.5,2.4,0.3,6.1,-912.0,-915.0,2.2,-0.6,3.5,65.0,,Mar-24,3.5,1.8,2.3,-1.0,0.9
2024-03-04,1052.3533,77.25,2.07792002,0.91230154,6710.6,3.9,255.51,248.72,159.731,174.094,191.291,310.668,321.67847079488496,7567807.0,1.93816327,0.27,336194.0,34.57,-0.49992,2.0,210000.0,131346000.0,5.33,4.403102398,311.054,157808.0,-820.883,-194810.0,3.1,2.62,1.38,1.69,1.03,1.17,1.4,657.67,129.419408734395,128.556847539769,315.565,22668.986,27944.627,4669874000000.0,3792099.0,125.148262188466,1454418750000.0,7.3,62.5,8863.0,5.32,121.2454,4.22,121.87,607425.0,41.336255562197,3061.121,3839.827,139.9,3451.125,72.75986,79.0,99.7321643996226,102.3313,99.8464,78.2545,497.2163,1052.3533,17448.8151,12341.1999,34001494.0,-3.706,18054.0,8056.1,1.347,20781.8,333287557.0,185.062,328.771,143.431,108.485,174.8,272445.0,93709994.0,92735958.0,60.1,2.875203609,2.26,1411.811,1.406,15.483,656.282,48.136,25320.0,5.9,104.893,1.39,2976.9571,-0.603348326833616,2.8273,3.8365,78.74,4.5141,18226.48,5130.95,150.53,99.23,34.2,28107.31124,22723.126,100.0,0.0,0.0,35.0,0.0,0.0,54.0,53.0,0.0,0.0,59.0,4.0,0.0,0.0,21.0,8.0,0.0,8.0,13.0,5.0,56.0,6.94,,0.4,1.0,2.0,65.0,,,-5.9,0.7,3.3,2.1,2.0,1.9,0.0,1.1,,2.1,1.1,0.0,0.5,2.4,0.3,6.1,-912.0,-915.0,2.2,-0.6,3.5,65.0,,Mar-24,3.5,1.8,2.3,-1.0,0.9
2024-03-05,1052.3533,77.25,2.07792002,0.91230154,6710.6,3.9,255.51,248.72,159.731,174.094,191.291,310.668,321.67847079488496,7567807.0,1.93816327,0.27,336194.0,34.57,-0.49992,2.0,210000.0,131346000.0,5.33,4.403102398,311.054,157808.0,-820.883,-194810.0,3.1,2.62,1.38,1.69,1.03,1.17,1.4,657.67,129.419408734395,128.556847539769,315.565,22668.986,27944.627,4669874000000.0,3792099.0,125.148262188466,1454418750000.0,7.3,62.5,8863.0,5.32,121.2575,4.13,121.87,607425.0,41.336255562197,3061.121,3839.827,139.9,3451.125,72.75986,79.0,99.7321643996226,102.3313,99.8464,78.2545,497.2163,1052.3533,17448.8151,12341.1999,34001494.0,-3.706,18054.0,8056.1,1.347,20781.8,333287557.0,185.062,328.771,143.431,108.485,174.8,272445.0,93709994.0,92735958.0,60.1,2.875203609,2.25,1411.811,1.406,15.483,656.282,48.136,25320.0,5.9,104.893,1.39,2976.9571,-0.603348326833616,2.7891,3.7745,78.15,4.4647,17897.87,5078.65,150.05,99.25,27.6,28107.31124,22723.126,100.0,0.0,0.0,35.0,0.0,0.0,54.0,53.0,0.0,0.0,59.0,4.0,0.0,0.0,21.0,8.0,0.0,8.0,13.0,5.0,56.0,6.94,,1.4,2.0,2.0,66.0,,,-3.4,1.1,3.3,2.6,2.5,2.5,0.0,2.0,,2.6,2.2,0.5,0.9,2.4,0.6,6.1,-913.0,-915.0,2.6,0.7,3.6,64.0,,Mar-24,4.1,1.8,2.3,-0.8,1.2
2024-03-06,1048.4174,77.25,2.07792002,0.91230154,6710.6,3.9,255.51,248.72,159.731,174.094,191.291,310.668,321.67847079488496,7538857.0,1.93816327,0.27,336194.0,34.57,-0.49992,2.0,210000.0,131346000.0,5.33,4.403102398,311.054,157808.0,-820.883,-194810.0,3.1,2.62,1.38,1.69,1.03,1.17,1.4,657.67,129.419408734395,128.556847539769,315.565,22668.986,27944.627,4669874000000.0,3792099.0,125.148262188466,1454418750000.0,7.3,62.5,8863.0,5.32,120.8481,4.11,121.87,607425.0,41.336255562197,3061.121,3839.827,139.9,3451.125,72.75986,79.0,99.7321643996226,102.3313,99.8464,78.2545,496.4846,1048.4174,17473.4244,12324.6887,34001494.0,-3.706,18202.0,8056.1,1.347,20781.8,333287557.0,185.062,328.771,143.431,108.485,174.8,272445.0,93709994.0,92735958.0,60.1,2.875203609,2.22,1411.811,1.406,15.483,656.282,48.136,25320.0,5.9,104.893,1.39,2976.9571,-0.603348326833616,2.8187,3.7306,79.13,4.4662,18017.57,5104.76,149.38,99.18,25.4,28107.31124,22723.126,100.0,0.0,0.0,35.0,0.0,0.0,54.0,53.0,0.0,0.0,59.0,4.0,0.0,0.0,21.0,8.0,0.0,8.0,13.0,5.0,56.0,6.94,,1.4,-2.0,2.0,61.0,,,-3.5,1.1,3.3,2.6,2.5,2.5,0.0,2.0,,2.5,1.8,0.4,0.9,2.4,0.6,6.1,-913.0,-915.0,2.6,0.7,3.6,63.0,,Mar-24,4.1,1.8,2.3,-0.9,1.2
2024-03-07,1048.4174,77.25,2.07792002,0.91230154,6710.6,3.9,255.51,248.72,159.731,174.094,191.291,310.668,321.67847079488496,7538857.0,1.93816327,0.27,336194.0,34.57,-0.49992,2.0,210000.0,131346000.0,5.33,4.403102398,311.054,157808.0,-820.883,-194810.0,3.1,2.62,1.38,1.69,1.03,1.17,1.4,657.67,129.419408734395,128.556847539769,315.565,22668.986,27944.627,4669874000000.0,3792099.0,125.148262188466,1454418750000.0,7.3,62.5,8863.0,5.32,120.5744,4.09,121.87,607425.0,41.336255562197,3061.121,3839.827,139.9,3451.125,72.75986,79.0,99.7321643996226,102.3313,99.8464,78.2545,496.4846,1048.4174,17473.4244,12324.6887,34001494.0,-3.706,18202.0,8056.1,1.347,20781.8,333287557.0,185.062,328.771,143.431,108.485,174.8,272445.0,93709994.0,92735958.0,60.1,2.875203609,2.22,1411.811,1.406,15.483,656.282,48.136,25320.0,5.9,104.893,1.39,2976.9571,-0.603348326833616,2.7816,3.7115,78.93,4.4105,18297.99,5157.36,148.05,99.11,24.9,28107.31124,22723.126,100.0,0.0,0.0,35.0,0.0,0.0,54.0,53.0,0.0,0.0,59.0,4.0,0.0,0.0,21.0,8.0,0.0,8.0,13.0,5.0,56.0,6.88,,1.5,-2.0,-9.0,61.0,,,-3.3,0.5,3.3,2.6,2.7,2.7,0.0,2.0,,2.5,1.7,-0.1,1.1,2.4,1.5,6.1,-924.0,-915.0,2.9,0.7,4.0,63.0,,Mar-24,3.7,1.8,1.8,3.1,1.1
2024-03-08,1048.4174,77.25,2.07792002,0.91230154,6710.6,3.9,255.51,248.72,159.731,174.094,191.291,310.668,321.67847079488496,7538857.0,1.93816327,0.27,336194.0,34.57,-0.51469,2.0,210000.0,131346000.0,5.33,4.403102398,311.054,157808.0,-820.883,-194810.0,3.1,2.62,1.38,1.69,1.03,1.17,1.4,657.67,129.419408734395,128.556847539769,315.565,22668.986,27944.627,4669874000000.0,3792099.0,125.148262188466,1454418750000.0,7.3,62.5,8863.0,5.32,120.3612,4.09,121.87,607425.0,41.336255562197,3061.121,3839.827,139.9,3451.125,72.75986,79.0,99.7321643996226,102.3313,99.8464,78.2545,496.4846,1048.4174,17473.4244,12324.6887,34001494.0,-3.706,18202.0,8056.1,1.347,20781.8,333287557.0,185.062,328.771,143.431,108.485,174.8,272445.0,93709994.0,92735958.0,60.1,2.875203609,2.22,1411.811,1.406,15.483,656.282,48.136,25320.0,5.9,104.893,1.39,2976.9571,-0.603348326833616,2.7489,3.7038,78.01,4.3795,18018.45,5123.69,147.06,99.14,27.8,28107.31124,22723.126,100.0,0.0,0.0,35.0,0.0,0.0,54.0,53.0,0.0,0.0,59.0,4.0,0.0,0.0,21.0,8.0,0.0,8.0,13.0,5.0,56.0,6.88,,2.1,7.0,-12.0,69.0,,,-1.9,1.8,3.3,3.1,3.2,3.3,0.0,3.0,,3.2,3.6,1.6,2.5,2.7,2.8,5.9,-927.0,-915.0,3.4,1.5,4.3,63.0,,Mar-24,6.0,2.3,2.4,4.0,2.1
2024-03-09,1048.4174,77.25,2.07792002,0.91230154,6710.6,3.9,255.51,248.72,159.731,174.094,191.291,310.668,321.67847079488496,7538857.0,1.93816327,0.27,336194.0,34.57,-0.51469,1.6,212000.0,131346000.0,5.33,4.403102398,311.054,157808.0,-820.883,-194810.0,3.1,2.62,1.38,1.69,1.03,1.17,1.4,657.67,129.419408734395,128.556847539769,315.565,22668.986,27944.627,4669874000000.0,3792099.0,125.148262188466,1454418750000.0,7.3,62.5,8863.0,5.32,120.3612,4.09,121.87,607425.0,41.336255562197,3061.121,3839.827,139.9,3451.125,72.75986,79.0,99.7321643996226,102.3313,99.8464,78.2545,496.4846,1048.4174,17473.4244,12324.6887,34001494.0,-3.706,18202.0,8056.1,1.347,20781.8,333287557.0,185.062,328.771,143.431,108.485,174.8,272445.0,93709994.0,92735958.0,60.1,2.875203609,2.22,1411.811,1.406,15.483,656.282,48.136,25320.0,5.9,104.893,1.39,2976.9571,-0.603348326833616,2.7489,3.7038,78.01,4.3795,18018.45,5123.69,147.06,99.14,27.8,28107.31124,22723.126,100.0,0.0,0.0,35.0,0.0,0.0,54.0,53.0,0.0,0.0,59.0,4.0,0.0,0.0,21.0,8.0,0.0,8.0,13.0,5.0,56.0,6.88,,2.1,7.0,-12.0,69.0,,,-1.9,1.8,3.3,3.1,3.2,3.3,0.0,3.0,,3.2,3.6,1.6,2.5,2.7,2.8,5.9,-927.0,-915.0,3.4,1.5,4.3,63.0,,Mar-24,6.0,2.3,2.4,4.0,2.1
2024-03-10,1048.4174,77.25,2.07792002,0.91230154,6710.6,3.9,255.51,248.72,159.731,174.094,191.291,310.668,321.67847079488496,7538857.0,1.93816327,0.27,336194.0,34.57,-0.51469,1.6,212000.0,131346000.0,5.33,4.403102398,311.054,157808.0,-820.883,-194810.0,3.1,2.62,1.38,1.69,1.03,1.17,1.4,657.67,129.419408734395,128.556847539769,315.565,22668.986,27944.627,4669874000000.0,3792099.0,125.148262188466,1454418750000.0,7.3,62.5,8863.0,5.32,120.3612,4.09,121.87,607425.0,41.336255562197,3061.121,3839.827,139.9,3451.125,72.75986,79.0,99.7321643996226,102.3313,99.8464,78.2545,496.4846,1048.4174,17473.4244,12324.6887,34001494.0,-3.706,18202.0,8056.1,1.347,20781.8,333287557.0,185.062,328.771,143.431,108.485,174.8,272445.0,93709994.0,92735958.0,60.1,2.875203609,2.22,1411.811,1.406,15.483,656.282,48.136,25320.0,5.9,104.893,1.39,2976.9571,-0.603348326833616,2.7489,3.7038,78.01,4.3795,18018.45,5123.69,147.06,99.14,27.8,28107.31124,22723.126,100.0,0.0,0.0,35.0,0.0,0.0,54.0,53.0,0.0,0.0,59.0,4.0,0.0,0.0,21.0,8.0,0.0,8.0,13.0,5.0,56.0,6.88,,2.1,7.0,-12.0,69.0,,,-1.9,1.8,3.3,3.1,3.2,3.3,0.0,3.0,,3.2,3.6,1.6,2.5,2.7,2.8,5.9,-927.0,-915.0,3.4,1.5,4.3,63.0,,Mar-24,6.0,2.3,2.4,4.0,2.1
2024-03-11,1048.4174,77.25,2.07792002,0.91230154,6710.6,3.9,255.51,248.72,159.731,174.094,191.291,310.668,321.67847079488496,7538857.0,1.93816327,0.27,336194.0,34.57,-0.51469,1.6,212000.0,131346000.0,5.33,4.403102398,311.054,157808.0,-820.883,-194810.0,3.1,2.62,1.38,1.69,1.03,1.17,1.4,657.67,129.419408734395,128.556847539769,315.565,22668.986,27944.627,4669874000000.0,3792099.0,125.148262188466,1454418750000.0,7.3,62.5,8863.0,5.32,120.4205,4.1,121.87,607425.0,41.336255562197,3061.121,3839.827,139.9,3451.125,72.75986,79.0,99.7321643996226,102.3313,99.8464,78.2545,496.4846,1048.4174,17473.4244,12324.6887,34001494.0,-3.706,18202.0,8056.1,1.347,20781.8,333287557.0,185.062,328.771,143.431,108.485,174.8,272445.0,93709994.0,92735958.0,60.1,2.875203609,2.22,1411.811,1.406,15.483,656.282,48.136,25320.0,5.9,104.893,1.39,2976.9571,-0.603348326833616,2.7614,3.7276,77.93,4.426,17951.69,5117.94,146.95,99.15,26.5,28107.31124,22723.126,100.0,0.0,0.0,35.0,0.0,0.0,54.0,53.0,0.0,0.0,59.0,4.0,0.0,0.0,21.0,8.0,0.0,8.0,13.0,5.0,56.0,6.88,,2.1,7.0,-12.0,69.0,,,-1.9,1.8,3.3,3.1,3.2,3.3,0.0,3.0,,3.2,3.6,1.6,2.5,2.7,2.8,5.9,-927.0,-915.0,3.4,1.5,4.3,63.0,,Mar-24,6.0,2.3,2.4,4.0,2.1
2024-03-12,1048.4174,77.25,2.07792002,0.91230154,6710.6,3.9,255.51,248.72,159.731,174.094,191.291,310.668,321.67847079488496,7538857.0,1.93816327,0.27,336194.0,34.57,-0.51469,1.6,212000.0,131346000.0,5.33,4.403102398,311.054,157808.0,-820.883,-194810.0,3.1,2.62,1.38,1.69,1.03,1.17,1.4,657.67,129.419408734395,128.556847539769,315.565,22668.986,27944.627,4669874000000.0,3792099.0,125.148262188466,1454418750000.0,7.3,62.5,8863.0,5.32,120.5468,4.16,121.87,607425.0,41.336255562197,3061.121,3839.827,139.9,3451.125,72.75986,79.0,99.7321643996226,102.3313,99.8464,78.2545,496.4846,1048.4174,17473.4244,12324.6887,34001494.0,-3.706,18202.0,8056.1,1.347,20781.8,333287557.0,185.062,328.771,143.431,108.485,174.8,272445.0,93709994.0,92735958.0,60.1,2.875203609,2.25,1411.811,1.406,15.483,656.282,48.136,25320.0,5.9,104.893,1.39,2976.9571,-0.603348326833616,2.7776,3.7789,77.56,4.477,18219.12,5175.27,147.68,99.11,29.0,28107.31124,22723.126,100.0,0.0,0.0,35.0,0.0,0.0,54.0,53.0,0.0,0.0,59.0,4.0,0.0,0.0,21.0,8.0,0.0,8.0,13.0,5.0,56.0,6.88,,2.1,5.0,-12.0,68.0,,,-1.9,1.8,3.2,3.1,3.2,3.3,0.0,3.0,,3.2,3.5,1.6,2.5,2.6,2.8,5.9,-927.0,-915.0,3.4,1.5,4.3,63.0,,Mar-24,6.0,2.3,2.4,4.0,2.1
2024-03-13,1053.3662,77.25,2.07792002,0.91230154,6710.6,3.9,255.51,248.72,159.731,174.094,191.291,310.668,321.67847079488496,7541969.0,1.93816327,0.27,336194.0,34.57,-0.51469,1.6,212000.0,131346000.0,5.33,4.403102398,311.054,157808.0,-820.883,-194810.0,3.1,2.62,1.38,1.69,1.03,1.17,1.4,657.67,129.419408734395,128.556847539769,315.565,22668.986,27944.627,4669874000000.0,3792099.0,125.148262188466,1454418750000.0,7.3,62.5,8863.0,5.32,120.3533,4.19,121.87,607425.0,41.336255562197,3061.121,3839.827,139.9,3451.125,72.75986,79.0,99.7321643996226,102.3313,99.8464,78.2545,495.4917,1053.3662,17542.4944,12325.4288,34001494.0,-3.706,18302.0,8056.1,1.347,20781.8,333287557.0,185.062,328.771,143.431,108.485,174.8,272445.0,93709994.0,92735958.0,60.1,2.875203609,2.23,1411.811,1.406,15.483,656.282,48.136,25320.0,5.9,104.893,1.39,2976.9571,-0.603348326833616,2.8041,3.8124,79.72,4.5258,18068.47,5165.31,147.76,99.12,29.7,28107.31124,22723.126,100.0,0.0,0.0,35.0,0.0,0.0,54.0,53.0,0.0,0.0,59.0,4.0,0.0,0.0,21.0,8.0,0.0,8.0,13.0,5.0,56.0,6.88,,2.1,5.0,-12.0,68.0,,,-1.9,1.8,3.2,3.1,3.2,3.3,0.0,3.0,,3.2,3.5,1.6,2.5,2.6,2.8,5.9,-927.0,-915.0,3.4,1.5,4.3,63.0,,Mar-24,6.0,2.3,2.4,4.0,2.1
2024-03-14,1053.3662,77.25,2.07792002,0.91230154,6710.6,3.9,255.51,248.72,159.731,174.094,191.291,310.668,321.67847079488496,7541969.0,1.93816327,0.27,336194.0,34.57,-0.51469,1.6,212000.0,131346000.0,5.33,4.403102398,311.054,157808.0,-820.883,-194810.0,3.1,2.62,1.38,1.69,1.03,1.17,1.4,657.67,129.419408734395,128.556847539769,315.565,22668.986,27944.627,4669874000000.0,3792099.0,125.148262188466,1454418750000.0,7.3,62.5,8863.0,5.32,120.6272,4.29,121.87,607425.0,41.336255562197,3061.121,3839.827,139.9,3451.125,72.75986,79.0,99.7321643996226,102.3313,99.8464,78.2545,495.4917,1053.3662,17542.4944,12325.4288,34001494.0,-3.706,18302.0,8056.1,1.347,20781.8,333287557.0,185.062,328.771,143.431,108.485,174.8,272445.0,93709994.0,92735958.0,60.1,2.875203609,2.23,1411.811,1.406,15.483,656.282,48.136,25320.0,5.9,104.893,1.39,2976.9571,-0.603348326833616,2.7986,3.9124,81.26,4.5795,18014.81,5150.48,148.33,99.2,29.2,28107.31124,22723.126,100.0,0.0,0.0,35.0,0.0,0.0,54.0,53.0,0.0,0.0,59.0,4.0,0.0,0.0,21.0,8.0,0.0,8.0,13.0,5.0,56.0,6.74,,2.2,1.0,-12.0,63.0,,,-1.9,1.8,3.2,2.3,2.4,2.4,0.0,3.0,,2.3,3.0,1.6,2.5,2.7,2.7,5.9,-927.0,-915.0,2.2,-0.3,3.5,62.0,,Mar-24,5.8,2.3,2.4,4.0,2.4
2024-03-15,1053.3662,77.25,2.07792002,0.91230154,6710.6,3.9,255.51,248.72,159.731,174.094,191.291,310.668,321.67847079488496,7541969.0,1.93816327,0.27,336194.0,34.57,-0.53056,1.6,212000.0,131346000.0,5.33,4.403102398,311.054,157808.0,-820.883,-194810.0,3.1,2.62,1.38,1.69,1.03,1.17,1.4,657.67,129.419408734395,128.556847539769,315.565,22668.986,27944.627,4669874000000.0,3792099.0,125.148262188466,1454418750000.0,7.3,62.5,8863.0,5.32,120.7884,4.31,121.87,607425.0,41.336255562197,3061.121,3839.827,139.9,3451.125,72.75986,79.0,99.7321643996226,102.3313,99.8464,78.2545,495.4917,1053.3662,17542.4944,12325.4288,34001494.0,-3.706,18302.0,8056.1,1.347,20781.8,333287557.0,185.062,328.771,143.431,108.485,174.8,272445.0,93709994.0,92735958.0,60.1,2.875203609,2.25,1411.811,1.406,15.483,656.282,48.136,25320.0,5.9,104.893,1.39,2976.9571,-0.603348326833616,2.7986,3.928,81.04,4.6245,17808.25,5117.09,149.04,99.24,24.6,28107.31124,22723.126,100.0,0.0,0.0,35.0,0.0,0.0,54.0,53.0,0.0,0.0,59.0,4.0,0.0,0.0,21.0,8.0,0.0,8.0,13.0,5.0,56.0,6.74,,2.2,-9.0,-11.0,53.0,,,-1.9,1.7,3.2,2.1,2.2,2.2,0.0,3.1,,2.0,2.1,1.4,2.2,2.6,2.5,5.9,-926.0,-915.0,1.9,-0.2,3.0,62.0,,Mar-24,6.4,2.3,2.3,3.9,2.3
2024-03-16,1053.3662,77.25,2.07792002,0.91230154,6710.6,3.9,255.51,248.72,159.731,174.094,191.291,310.668,321.67847079488496,7541969.0,1.93816327,0.27,336194.0,34.57,-0.53056,1.88,210000.0,131346000.0,5.33,4.403102398,311.054,157808.0,-820.883,-194810.0,3.1,2.62,1.38,1.69,1.03,1.17,1.4,657.67,129.419408734395,128.556847539769,315.565,22668.986,27944.627,4669874000000.0,3792099.0,125.148262188466,1454418750000.0,7.3,62.5,8863.0,5.32,120.7884,4.31,121.87,607425.0,41.336255562197,3061.121,3839.827,139.9,3451.125,72.75986,79.0,99.7321643996226,102.3313,99.8464,78.2545,495.4917,1053.3662,17542.4944,12325.4288,34001494.0,-3.706,18302.0,8056.1,1.347,20781.8,333287557.0,185.062,328.771,143.431,108.485,174.8,272445.0,93709994.0,92735958.0,60.1,2.875203609,2.25,1411.811,1.406,15.483,656.282,48.136,25320.0,5.9,104.893,1.39,2976.9571,-0.603348326833616,2.7986,3.928,81.04,4.6245,17808.25,5117.09,149.04,99.24,24.6,28107.31124,22723.126,100.0,0.0,0.0,35.0,0.0,0.0,54.0,53.0,0.0,0.0,59.0,4.0,0.0,0.0,21.0,8.0,0.0,8.0,13.0,5.0,56.0,6.74,,2.2,-9.0,-11.0,53.0,,,-1.9,1.7,3.2,2.1,2.2,2.2,0.0,3.1,,2.0,2.1,1.4,2.2,2.6,2.5,5.9,-926.0,-915.0,1.9,-0.2,3.0,62.0,,Mar-24,6.4,2.3,2.3,3.9,2.3
2024-03-17,1053.3662,77.25,2.07792002,0.91230154,6710.6,3.9,255.51,248.72,159.731,174.094,191.291,310.668,321.67847079488496,7541969.0,1.93816327,0.27,336194.0,34.57,-0.53056,1.88,210000.0,131346000.0,5.33,4.403102398,311.054,157808.0,-820.883,-194810.0,3.1,2.62,1.38,1.69,1.03,1.17,1.4,657.67,129.419408734395,128.556847539769,315.565,22668.986,27944.627,4669874000000.0,3792099.0,125.148262188466,1454418750000.0,7.3,62.5,8863.0,5.32,120.7884,4.31,121.87,607425.0,41.336255562197,3061.121,3839.827,139.9,3451.125,72.75986,79.0,99.7321643996226,102.3313,99.8464,78.2545,495.4917,1053.3662,17542.4944,12325.4288,34001494.0,-3.706,18302.0,8056.1,1.347,20781.8,333287557.0,185.062,328.771,143.431,108.485,174.8,272445.0,93709994.0,92735958.0,60.1,2.875203609,2.25,1411.811,1.406,15.483,656.282,48.136,25320.0,5.9,104.893,1.39,2976.9571,-0.603348326833616,2.7986,3.928,81.04,4.6245,17808.25,5117.09,149.04,99.24,24.6,28107.31124,22723.126,100.0,0.0,0.0,35.0,0.0,0.0,54.0,53.0,0.0,0.0,59.0,4.0,0.0,0.0,21.0,8.0,0.0,8.0,13.0,5.0,56.0,6.74,,2.2,-9.0,-11.0,53.0,,,-1.9,1.7,3.2,2.1,2.2,2.2,0.0,3.1,,2.0,2.1,1.4,2.2,2.6,2.5,5.9,-926.0,-915.0,1.9,-0.2,3.0,62.0,,Mar-24,6.4,2.3,2.3,3.9,2.3
2024-03-18,1053.3662,77.25,2.07792002,0.91230154,6710.6,3.9,255.51,248.72,159.731,174.094,191.291,310.668,321.67847079488496,7541969.0,1.93816327,0.27,336194.0,34.57,-0.53056,1.88,210000.0,131346000.0,5.33,4.403102398,311.054,157808.0,-820.883,-194810.0,3.1,2.62,1.38,1.69,1.03,1.17,1.4,657.67,129.419408734395,128.556847539769,315.565,22668.986,27944.627,4669874000000.0,3792099.0,125.148262188466,1454418750000.0,7.3,62.5,8863.0,5.32,120.7884,4.34,121.87,607425.0,41.336255562197,3061.121,3839.827,139.9,3451.125,72.75986,79.0,99.7321643996226,102.3313,99.8464,78.2545,495.4917,1053.3662,17542.4944,12325.4288,34001494.0,-3.706,18302.0,8056.1,1.347,20781.8,333287557.0,185.062,328.771,143.431,108.485,174.8,272445.0,93709994.0,92735958.0,60.1,2.875203609,2.23,1411.811,1.406,15.483,656.282,48.136,25320.0,5.9,104.893,1.39,2976.9571,-0.603348326833616,2.8184,3.9445,82.72,4.6303,17985.01,5149.42,149.15,99.22,23.0,28107.31124,22723.126,100.0,0.0,0.0,35.0,0.0,0.0,54.0,53.0,0.0,0.0,59.0,4.0,0.0,0.0,21.0,8.0,0.0,8.0,13.0,5.0,56.0,6.74,,2.2,-9.0,-11.0,53.0,,,-1.9,1.7,3.2,2.1,2.2,2.2,0.0,3.1,,2.0,2.1,1.4,2.2,2.6,2.5,5.9,-926.0,-915.0,1.9,-0.2,3.0,62.0,,Mar-24,6.4,2.3,2.3,3.9,2.3
2024-03-19,1053.3662,77.25,2.07792002,0.91230154,6710.6,3.9,255.51,248.72,159.731,174.094,191.291,310.668,321.67847079488496,7541969.0,1.93816327,0.27,336194.0,34.57,-0.53056,1.88,210000.0,131346000.0,5.33,4.403102398,311.054,157808.0,-820.883,-194810.0,3.1,2.62,1.38,1.69,1.03,1.17,1.4,657.67,129.419408734395,128.556847539769,315.565,22668.986,27944.627,4669874000000.0,3792099.0,125.148262188466,1454418750000.0,7.3,62.5,8863.0,5.32,120.7884,4.3,121.87,607425.0,41.336255562197,3061.121,3839.827,139.9,3451.125,72.75986,79.0,99.7321643996226,102.3313,99.8464,78.2545,495.4917,1053.3662,17542.4944,12325.4288,34001494.0,-3.706,18302.0,8056.1,1.347,20781.8,333287557.0,185.062,328.771,143.431,108.485,174.8,272445.0,93709994.0,92735958.0,60.1,2.875203609,2.22,1411.811,1.406,15.483,656.282,48.136,25320.0,5.9,104.893,1.39,2976.9571,-0.603348326833616,2.7999,3.9196,83.47,4.5895,18032.21,5178.51,150.86,99.2,25.0,28107.31124,22723.126,100.0,0.0,0.0,35.0,0.0,0.0,54.0,53.0,0.0,0.0,59.0,4.0,0.0,0.0,21.0,8.0,0.0,8.0,13.0,5.0,56.0,6.74,,2.2,-9.0,-11.0,53.0,,,-1.9,1.7,3.2,2.3,2.4,2.3,0.0,3.7,,2.1,2.7,1.4,2.2,2.6,2.5,5.9,-926.0,-915.0,1.9,-0.2,3.0,62.0,,Mar-24,9.2,2.3,2.3,3.9,2.3
2024-03-20,1053.3662,77.25,2.07792002,0.91230154,6710.6,3.9,255.51,248.72,159.731,174.094,191.291,310.668,321.67847079488496,7514348.0,1.93816327,0.27,336194.0,34.57,-0.53056,1.88,210000.0,131346000.0,5.33,4.403102398,311.054,157808.0,-820.883,-194810.0,3.1,2.62,1.38,1.69,1.03,1.17,1.4,657.67,129.419408734395,128.556847539769,315.565,22668.986,27944.627,4669874000000.0,3792099.0,125.148262188466,1454418750000.0,7.3,62.5,8863.0,5.32,120.7884,4.27,121.87,607425.0,41.336255562197,3061.121,3839.827,139.9,3451.125,72.75986,79.0,99.7321643996226,102.3313,99.8464,78.2545,495.4917,1053.3662,17542.4944,12325.4288,34001494.0,-3.706,18050.0,8056.1,1.347,20781.8,333287557.0,185.062,328.771,143.431,108.485,174.8,272445.0,93709994.0,92735958.0,60.1,2.875203609,2.22,1411.811,1.406,15.483,656.282,48.136,25320.0,5.9,104.893,1.39,2976.9571,-0.603348326833616,2.7703,3.9135,81.69,4.5778,18017.6,5180.4,151.65,99.2,24.6,28107.31124,22723.126,100.0,0.0,0.0,35.0,0.0,0.0,54.0,53.0,0.0,0.0,59.0,4.0,0.0,0.0,21.0,8.0,0.0,8.0,13.0,5.0,56.0,6.74,,2.2,-9.0,-11.0,53.0,,,-1.9,1.7,3.2,2.3,2.4,2.3,0.0,3.7,,2.1,2.7,1.4,2.2,2.6,2.5,5.9,-926.0,-915.0,1.9,-0.2,3.0,62.0,,Mar-24,9.2,2.3,2.3,3.9,2.3
2024-03-21,1053.3662,77.25,2.07792002,0.91230154,6710.6,3.9,255.51,248.72,159.731,174.094,191.291,310.668,321.67847079488496,7514348.0,1.93816327,0.27,336194.0,34.57,-0.53056,1.88,210000.0,131346000.0,5.33,4.403102398,311.054,157808.0,-820.883,-194810.0,3.1,2.62,1.38,1.69,1.03,1.17,1.4,657.67,129.419408734395,128.556847539769,315.565,22668.986,27944.627,4669874000000.0,3792099.0,125.148262188466,1454418750000.0,7.3,62.5,8863.0,5.32,120.7884,4.27,121.87,607425.0,41.336255562197,3061.121,3839.827,139.9,3451.125,72.75986,79.0,99.7321643996226,102.3313,99.8464,78.2545,495.4917,1053.3662,17542.4944,12325.4288,34001494.0,-3.706,18050.0,8056.1,1.347,20781.8,333287557.0,185.062,328.771,143.431,108.485,174.8,272445.0,93709994.0,92735958.0,60.1,2.875203609,2.25,1411.811,1.406,15.483,656.282,48.136,25320.0,5.9,104.893,1.39,2976.9571,-0.603348326833616,2.8115,3.9031,81.07,4.5311,18320.38,5241.53,151.62,99.2,31.8,28107.31124,22723.126,100.0,0.0,0.0,35.0,0.0,0.0,54.0,53.0,0.0,0.0,59.0,4.0,0.0,0.0,21.0,8.0,0.0,8.0,13.0,5.0,56.0,6.87,,2.2,-9.0,-11.0,53.0,,,-1.9,1.7,3.2,2.3,2.4,2.3,0.0,3.7,,2.1,2.7,1.4,2.2,2.6,2.5,5.9,-926.0,-915.0,1.9,-0.2,3.0,62.0,,Mar-24,9.2,2.3,2.3,3.9,2.3
2024-03-22,1053.3662,77.25,2.07792002,0.91230154,6710.6,3.9,255.51,248.72,159.731,174.094,191.291,310.668,321.67847079488496,7514348.0,1.93816327,0.27,336194.0,34.57,-0.53056,1.88,210000.0,131346000.0,5.33,4.403102398,311.054,157808.0,-820.883,-194810.0,3.1,2.62,1.38,1.69,1.03,1.17,1.4,657.67,129.419408734395,128.556847539769,315.565,22668.986,27944.627,4669874000000.0,3792099.0,125.148262188466,1454418750000.0,7.3,62.5,8863.0,5.32,120.7884,4.27,121.87,607425.0,41.336255562197,3061.121,3839.827,139.9,3451.125,72.75986,79.0,99.7321643996226,102.3313,99.8464,78.2545,495.4917,1053.3662,17542.4944,12325.4288,34001494.0,-3.706,18050.0,8056.1,1.347,20781.8,333287557.0,185.062,328.771,143.431,108.485,174.8,272445.0,93709994.0,92735958.0,60.1,2.875203609,2.29,1411.811,1.406,15.483,656.282,48.136,25320.0,5.9,104.893,1.39,2976.9571,-0.603348326833616,2.7857,3.8365,80.63,4.4796,18339.44,5234.18,151.41,99.2,31.6,28107.31124,22723.126,100.0,0.0,0.0,35.0,0.0,0.0,54.0,53.0,0.0,0.0,59.0,4.0,0.0,0.0,21.0,8.0,0.0,8.0,13.0,5.0,56.0,6.87,,2.2,-9.0,-11.0,53.0,,,-1.9,1.7,3.2,2.3,2.4,2.3,0.0,3.7,,2.1,2.7,1.4,2.2,2.6,2.5,5.9,-926.0,-915.0,1.9,-0.2,3.0,62.0,,Mar-24,9.2,2.3,2.3,3.9,2.3
2024-03-23,1053.3662,77.25,2.07792002,0.91230154,6710.6,3.9,255.51,248.72,159.731,174.094,191.291,310.668,321.67847079488496,7514348.0,1.93816327,0.27,336194.0,34.57,-0.53056,1.88,210000.0,131346000.0,5.33,4.403102398,311.054,157808.0,-820.883,-194810.0,3.1,2.62,1.38,1.69,1.03,1.17,1.4,657.67,129.419408734395,128.556847539769,315.565,22668.986,27944.627,4669874000000.0,3792099.0,125.148262188466,1454418750000.0,7.3,62.5,8863.0,5.32,120.7884,4.27,121.87,607425.0,41.336255562197,3061.121,3839.827,139.9,3451.125,72.75986,79.0,99.7321643996226,102.3313,99.8464,78.2545,495.4917,1053.3662,17542.4944,12325.4288,34001494.0,-3.706,18050.0,8056.1,1.347,20781.8,333287557.0,185.062,328.771,143.431,108.485,174.8,272445.0,93709994.0,92735958.0,60.1,2.875203609,2.29,1411.811,1.406,15.483,656.282,48.136,25320.0,5.9,104.893,1.39,2976.9571,-0.603348326833616,2.7857,3.8365,80.63,4.4796,18339.44,5234.18,151.41,99.2,31.6,28107.31124,22723.126,100.0,0.0,0.0,35.0,0.0,0.0,54.0,53.0,0.0,0.0,59.0,4.0,0.0,0.0,21.0,8.0,0.0,8.0,13.0,5.0,56.0,6.87,,2.2,-9.0,-11.0,53.0,,,-1.9,1.7,3.2,2.3,2.4,2.3,0.0,3.7,,2.1,2.7,1.4,2.2,2.6,2.5,5.9,-926.0,-915.0,1.9,-0.2,3.0,62.0,,Mar-24,9.2,2.3,2.3,3.9,2.3
